 5 - 28;  3 - 27;  6 - 24;  1 - 34;  7 - 26;  4 - 27;  3 - 27;  9 - 21;  14 - 16;  2 - 28;  3 - 27;  0 - 30;  7 - 23;  13 - 18;  13 - 22;  2 - 33;  3 - 27;  13 - 21;  0 - 31;  7 - 25;  4 - 26;  7 - 28;  3 - 30;  0 - 31;  1 - 31;  0 - 34;  1 - 34;  7 - 26;  0 - 31;  1 - 32; 
 3 - 27;  0 - 31;  4 - 26;  7 - 23;  1 - 32;  1 - 29;  2 - 29;  3 - 31;  3 - 27;  7 - 23;  15 - 15;  1 - 29;  0 - 31;  1 - 29;  1 - 31;  12 - 21;  10 - 25;  8 - 25;  3 - 27;  1 - 34;  2 - 28;  0 - 33;  4 - 26;  6 - 24;  7 - 24;  0 - 34;  0 - 30;  0 - 34;  9 - 21;  13 - 21; 
 2 - 28;  7 - 23;  5 - 30;  2 - 30;  12 - 21;  0 - 31;  7 - 24;  10 - 23;  3 - 27;  17 - 13;  2 - 30;  22 - 12;  16 - 14;  7 - 23;  9 - 24;  1 - 29;  7 - 23;  1 - 29;  14 - 21;  14 - 16;  9 - 21;  0 - 30;  1 - 32;  13 - 20;  4 - 29;  7 - 28;  19 - 14;  1 - 29;  1 - 31;  8 - 22; 
 0 - 30;  1 - 29;  1 - 29;  1 - 29;  25 - 10;  13 - 17;  3 - 27;  14 - 18;  2 - 33;  1 - 33;  3 - 30;  21 - 14;  3 - 31;  0 - 30;  2 - 30;  7 - 28;  4 - 28;  3 - 27;  1 - 31;  1 - 29;  0 - 32;  0 - 30;  1 - 34;  6 - 24;  10 - 24;  4 - 29;  8 - 26;  2 - 28;  1 - 31;  5 - 28; 
 2 - 29;  1 - 29;  10 - 24;  13 - 17;  2 - 28;  1 - 30;  2 - 28;  2 - 28;  5 - 28;  14 - 21;  2 - 28;  2 - 31;  6 - 27;  7 - 26;  7 - 26;  6 - 25;  8 - 22;  8 - 27;  16 - 14;  1 - 29;  4 - 26;  10 - 20;  13 - 17;  7 - 26;  5 - 25;  0 - 31;  4 - 31;  2 - 30;  13 - 22;  2 - 28; 
 7 - 28;  9 - 24;  7 - 23;  3 - 27;  6 - 28;  1 - 32;  2 - 31;  3 - 27;  1 - 29;  18 - 17;  1 - 29;  14 - 16;  10 - 25;  5 - 28;  3 - 27;  3 - 27;  2 - 28;  9 - 25;  1 - 33;  2 - 28;  0 - 30;  2 - 28;  0 - 32;  9 - 26;  4 - 27;  2 - 28;  3 - 27;  1 - 30;  7 - 25;  1 - 29; 
 4 - 29;  13 - 22;  3 - 32;  2 - 28;  8 - 27;  2 - 28;  11 - 19;  1 - 29;  0 - 33;  16 - 17;  8 - 26;  1 - 30;  3 - 27;  8 - 23;  8 - 24;  2 - 28;  22 - 13;  0 - 30;  4 - 26;  8 - 22;  15 - 15;  1 - 29;  1 - 29;  3 - 28;  10 - 20;  0 - 35;  2 - 28;  7 - 23;  1 - 29;  3 - 27; 
 3 - 27;  0 - 30;  15 - 15;  13 - 20;  7 - 24;  0 - 35;  9 - 21;  0 - 30;  5 - 30;  17 - 13;  18 - 12;  11 - 19;  8 - 25;  5 - 28;  8 - 24;  5 - 27;  2 - 28;  3 - 27;  23 - 9;  14 - 16;  10 - 21;  0 - 30;  3 - 27;  13 - 19;  22 - 9;  13 - 17;  7 - 23;  1 - 30;  8 - 22;  7 - 23; 
 13 - 18;  12 - 18;  1 - 30;  8 - 25;  9 - 25;  1 - 29;  3 - 27;  17 - 17;  2 - 28;  9 - 24;  1 - 29;  2 - 28;  15 - 15;  3 - 27;  17 - 17;  4 - 29;  0 - 30;  7 - 27;  9 - 21;  15 - 15;  10 - 20;  18 - 17;  25 - 6;  1 - 30;  8 - 22;  25 - 10;  6 - 24;  8 - 26;  10 - 20;  2 - 28; 
 7 - 23;  17 - 13;  15 - 15;  15 - 15;  2 - 28;  4 - 30;  14 - 16;  12 - 20;  10 - 20;  8 - 22;  12 - 18;  1 - 29;  19 - 11;  0 - 30;  10 - 20;  15 - 15;  13 - 17;  18 - 17;  10 - 24;  10 - 25;  7 - 26;  29 - 5;  15 - 15;  1 - 31;  28 - 3;  2 - 28;  1 - 31;  12 - 18;  3 - 27;  1 - 34; 
 18 - 15;  15 - 18;  2 - 28;  2 - 29;  20 - 15;  15 - 15;  6 - 27;  11 - 21;  14 - 16;  24 - 10;  10 - 22;  24 - 6;  12 - 18;  6 - 24;  12 - 22;  6 - 25;  22 - 10;  14 - 16;  11 - 20;  19 - 11;  8 - 22;  6 - 28;  6 - 27;  4 - 26;  9 - 26;  3 - 28;  7 - 28;  1 - 29;  1 - 29;  1 - 34; 
 12 - 18;  7 - 25;  9 - 25;  15 - 15;  8 - 22;  13 - 17;  23 - 12;  5 - 25;  18 - 14;  3 - 29;  7 - 28;  14 - 19;  9 - 21;  14 - 16;  10 - 20;  18 - 14;  20 - 10;  4 - 28;  7 - 25;  19 - 12;  19 - 12;  11 - 19;  13 - 17;  15 - 15;  2 - 31;  15 - 16;  2 - 28;  1 - 29;  10 - 20;  14 - 16; 
 11 - 22;  23 - 7;  24 - 6;  19 - 11;  10 - 20;  7 - 28;  5 - 27;  20 - 15;  5 - 25;  19 - 11;  6 - 24;  13 - 17;  9 - 23;  7 - 24;  14 - 16;  18 - 12;  22 - 11;  18 - 17;  10 - 23;  18 - 12;  9 - 25;  18 - 12;  3 - 32;  19 - 15;  4 - 26;  4 - 26;  6 - 24;  10 - 23;  2 - 28;  8 - 27; 
 11 - 21;  26 - 8;  19 - 11;  10 - 20;  3 - 27;  15 - 15;  19 - 11;  17 - 14;  16 - 18;  24 - 10;  4 - 26;  10 - 21;  11 - 19;  9 - 21;  24 - 6;  19 - 15;  19 - 15;  4 - 27;  1 - 29;  16 - 14;  26 - 4;  8 - 22;  12 - 21;  12 - 18;  8 - 22;  2 - 28;  0 - 30;  2 - 28;  3 - 27;  1 - 29; 
 26 - 4;  9 - 24;  22 - 9;  2 - 28;  32 - 2;  16 - 14;  14 - 16;  7 - 23;  29 - 5;  22 - 12;  9 - 24;  14 - 21;  15 - 15;  24 - 11;  23 - 11;  12 - 22;  18 - 12;  16 - 14;  17 - 16;  18 - 12;  22 - 12;  19 - 15;  7 - 23;  4 - 26;  8 - 22;  12 - 20;  5 - 25;  0 - 32;  3 - 31;  7 - 23; 
 3 - 28;  11 - 19;  17 - 17;  13 - 17;  20 - 10;  5 - 25;  10 - 20;  17 - 17;  14 - 16;  4 - 26;  9 - 21;  16 - 14;  5 - 26;  11 - 21;  10 - 20;  20 - 10;  18 - 15;  21 - 13;  22 - 8;  29 - 5;  26 - 4;  19 - 11;  12 - 21;  2 - 28;  11 - 19;  9 - 26;  4 - 26;  8 - 25;  2 - 32;  3 - 27; 
 25 - 5;  12 - 18;  14 - 20;  7 - 28;  11 - 19;  20 - 10;  11 - 19;  22 - 10;  25 - 8;  1 - 33;  9 - 24;  17 - 17;  7 - 23;  8 - 22;  11 - 22;  24 - 7;  16 - 14;  17 - 13;  19 - 13;  24 - 9;  9 - 23;  12 - 21;  24 - 9;  17 - 13;  9 - 21;  3 - 27;  8 - 27;  4 - 26;  4 - 26;  4 - 29; 
 17 - 13;  16 - 15;  19 - 16;  17 - 13;  7 - 23;  17 - 17;  13 - 17;  13 - 19;  23 - 10;  30 - 4;  9 - 22;  9 - 22;  7 - 23;  2 - 29;  3 - 32;  16 - 18;  8 - 22;  7 - 23;  18 - 17;  15 - 15;  20 - 14;  3 - 27;  3 - 31;  4 - 26;  10 - 20;  12 - 20;  0 - 30;  2 - 28;  0 - 35;  2 - 28; 
 16 - 17;  15 - 16;  8 - 22;  10 - 22;  17 - 15;  20 - 15;  3 - 27;  22 - 13;  5 - 25;  4 - 31;  15 - 16;  2 - 28;  11 - 19;  4 - 26;  13 - 17;  13 - 21;  0 - 30;  10 - 21;  10 - 22;  1 - 31;  12 - 23;  2 - 28;  6 - 26;  7 - 28;  8 - 22;  18 - 17;  2 - 32;  2 - 30;  7 - 23;  10 - 24; 
 15 - 15;  10 - 20;  19 - 11;  15 - 19;  1 - 32;  2 - 28;  17 - 16;  13 - 17;  13 - 18;  23 - 7;  16 - 14;  7 - 23;  1 - 29;  1 - 29;  4 - 26;  1 - 29;  1 - 32;  14 - 16;  2 - 30;  8 - 26;  2 - 30;  2 - 30;  2 - 33;  10 - 23;  0 - 30;  1 - 29;  3 - 27;  7 - 23;  4 - 29;  0 - 34; 
 17 - 18;  23 - 11;  24 - 6;  24 - 8;  24 - 6;  20 - 15;  9 - 24;  10 - 21;  2 - 28;  16 - 14;  16 - 18;  9 - 21;  26 - 4;  14 - 16;  21 - 12;  13 - 17;  13 - 17;  8 - 22;  23 - 10;  23 - 8;  13 - 17;  24 - 10;  16 - 14;  10 - 25;  11 - 23;  23 - 12;  13 - 17;  0 - 30;  2 - 28;  1 - 29; 
 20 - 11;  5 - 30;  22 - 13;  9 - 24;  15 - 16;  28 - 7;  3 - 29;  17 - 18;  11 - 19;  23 - 7;  13 - 20;  24 - 7;  4 - 26;  13 - 22;  11 - 22;  17 - 13;  13 - 17;  17 - 17;  16 - 14;  19 - 11;  10 - 20;  23 - 11;  18 - 12;  23 - 7;  16 - 14;  2 - 28;  1 - 31;  5 - 27;  6 - 24;  19 - 12; 
 10 - 20;  27 - 6;  2 - 28;  14 - 16;  12 - 22;  26 - 4;  11 - 24;  19 - 11;  24 - 11;  2 - 31;  21 - 12;  2 - 28;  13 - 17;  21 - 11;  19 - 14;  13 - 19;  6 - 28;  9 - 22;  3 - 27;  22 - 10;  20 - 14;  18 - 14;  6 - 29;  12 - 18;  12 - 18;  9 - 27;  1 - 29;  2 - 28;  1 - 29;  1 - 32; 
 17 - 13;  17 - 15;  17 - 16;  17 - 18;  7 - 23;  16 - 14;  4 - 26;  8 - 22;  12 - 18;  6 - 25;  18 - 12;  18 - 14;  5 - 25;  11 - 19;  21 - 9;  17 - 13;  25 - 5;  17 - 13;  19 - 11;  20 - 14;  11 - 19;  16 - 17;  7 - 23;  24 - 6;  9 - 26;  12 - 23;  0 - 34;  2 - 31;  8 - 27;  6 - 27; 
 8 - 22;  12 - 19;  18 - 12;  11 - 19;  14 - 18;  10 - 25;  15 - 18;  18 - 16;  12 - 18;  27 - 7;  22 - 11;  27 - 4;  18 - 15;  20 - 10;  20 - 16;  14 - 19;  12 - 18;  15 - 20;  20 - 11;  22 - 8;  17 - 16;  15 - 19;  16 - 14;  6 - 24;  9 - 21;  15 - 15;  0 - 33;  2 - 30;  1 - 31;  4 - 29; 
 24 - 6;  26 - 8;  18 - 12;  21 - 10;  9 - 22;  14 - 16;  12 - 18;  23 - 12;  11 - 19;  6 - 25;  20 - 11;  21 - 14;  13 - 17;  16 - 14;  16 - 14;  8 - 24;  23 - 10;  17 - 15;  23 - 7;  16 - 14;  19 - 11;  18 - 16;  11 - 19;  1 - 32;  19 - 12;  11 - 22;  1 - 29;  7 - 23;  0 - 32;  6 - 24; 
 12 - 22;  10 - 21;  15 - 20;  17 - 16;  29 - 1;  16 - 14;  5 - 26;  18 - 12;  21 - 14;  14 - 20;  24 - 6;  24 - 8;  21 - 9;  19 - 11;  11 - 19;  16 - 19;  13 - 19;  18 - 15;  9 - 25;  11 - 22;  18 - 12;  12 - 22;  16 - 15;  7 - 26;  5 - 26;  3 - 28;  6 - 24;  9 - 21;  4 - 26;  3 - 27; 
 13 - 17;  3 - 27;  26 - 6;  28 - 4;  17 - 13;  16 - 15;  17 - 13;  8 - 22;  7 - 26;  17 - 13;  24 - 6;  11 - 21;  1 - 29;  29 - 5;  11 - 24;  4 - 26;  3 - 27;  10 - 23;  25 - 8;  22 - 9;  4 - 26;  13 - 19;  4 - 26;  7 - 23;  15 - 16;  8 - 22;  8 - 26;  1 - 29;  4 - 26;  1 - 30; 
 14 - 18;  28 - 4;  16 - 14;  23 - 7;  12 - 19;  16 - 14;  7 - 26;  18 - 12;  16 - 15;  9 - 21;  15 - 17;  17 - 18;  17 - 13;  12 - 18;  10 - 24;  12 - 18;  18 - 12;  20 - 10;  20 - 10;  16 - 20;  23 - 7;  13 - 17;  18 - 12;  3 - 31;  16 - 15;  4 - 26;  10 - 20;  1 - 32;  0 - 30;  8 - 22; 
 17 - 13;  12 - 20;  2 - 33;  10 - 24;  17 - 15;  21 - 11;  5 - 25;  11 - 19;  24 - 7;  12 - 18;  26 - 7;  17 - 13;  22 - 8;  20 - 12;  18 - 12;  17 - 17;  19 - 12;  23 - 7;  26 - 9;  17 - 17;  24 - 6;  2 - 28;  15 - 20;  25 - 5;  15 - 15;  1 - 29;  9 - 25;  0 - 33;  4 - 29;  6 - 27; 
 22 - 9;  14 - 16;  15 - 20;  19 - 11;  18 - 14;  21 - 11;  17 - 13;  16 - 17;  22 - 13;  21 - 11;  21 - 14;  25 - 5;  9 - 24;  20 - 11;  7 - 23;  22 - 10;  22 - 11;  10 - 22;  16 - 15;  10 - 25;  24 - 10;  21 - 11;  14 - 21;  8 - 22;  15 - 15;  5 - 25;  2 - 28;  1 - 34;  7 - 23;  2 - 28; 
 8 - 23;  9 - 21;  16 - 14;  14 - 17;  15 - 16;  9 - 21;  10 - 20;  15 - 15;  16 - 19;  11 - 20;  10 - 20;  12 - 18;  21 - 9;  10 - 20;  18 - 15;  22 - 13;  15 - 20;  22 - 12;  22 - 8;  12 - 22;  22 - 8;  19 - 11;  12 - 20;  5 - 25;  18 - 12;  19 - 16;  8 - 23;  7 - 23;  2 - 32;  22 - 8; 
 14 - 20;  19 - 11;  12 - 18;  15 - 15;  20 - 13;  13 - 20;  29 - 4;  24 - 9;  20 - 10;  12 - 18;  18 - 12;  30 - 5;  6 - 28;  13 - 17;  18 - 12;  8 - 22;  26 - 8;  17 - 13;  16 - 16;  12 - 18;  19 - 11;  21 - 13;  7 - 23;  1 - 29;  2 - 33;  12 - 18;  0 - 30;  0 - 32;  0 - 34;  1 - 34; 
 18 - 16;  18 - 14;  17 - 13;  16 - 14;  24 - 10;  17 - 14;  13 - 22;  17 - 14;  23 - 10;  15 - 15;  14 - 16;  11 - 21;  21 - 9;  18 - 12;  18 - 12;  23 - 10;  26 - 8;  22 - 9;  6 - 25;  15 - 15;  20 - 10;  17 - 13;  12 - 18;  15 - 15;  15 - 17;  4 - 27;  2 - 28;  8 - 27;  1 - 33;  0 - 32; 
 20 - 10;  17 - 13;  32 - 2;  16 - 14;  24 - 11;  14 - 16;  6 - 29;  8 - 22;  9 - 21;  17 - 13;  6 - 24;  24 - 7;  10 - 20;  2 - 28;  21 - 10;  18 - 13;  22 - 8;  5 - 25;  24 - 11;  2 - 28;  3 - 27;  7 - 23;  25 - 5;  11 - 23;  7 - 23;  3 - 32;  1 - 33;  4 - 29;  13 - 17;  1 - 34; 
 9 - 21;  26 - 7;  7 - 24;  14 - 16;  22 - 11;  9 - 23;  13 - 17;  31 - 1;  19 - 11;  22 - 11;  13 - 17;  7 - 26;  12 - 20;  16 - 14;  25 - 5;  11 - 22;  3 - 31;  5 - 25;  15 - 15;  26 - 9;  4 - 32;  13 - 17;  11 - 19;  9 - 23;  3 - 27;  11 - 22;  9 - 21;  7 - 25;  3 - 27;  9 - 22; 
 18 - 12;  22 - 13;  17 - 13;  15 - 16;  5 - 25;  15 - 15;  19 - 16;  16 - 14;  8 - 24;  20 - 10;  28 - 6;  24 - 11;  17 - 18;  19 - 15;  11 - 23;  17 - 13;  15 - 20;  8 - 22;  30 - 5;  12 - 18;  22 - 8;  19 - 11;  4 - 26;  15 - 15;  3 - 27;  4 - 26;  4 - 26;  3 - 29;  2 - 28;  0 - 30; 
 8 - 22;  12 - 18;  12 - 18;  16 - 16;  18 - 12;  3 - 31;  16 - 14;  20 - 13;  12 - 21;  17 - 13;  11 - 19;  16 - 17;  28 - 5;  22 - 11;  22 - 10;  13 - 19;  10 - 20;  24 - 7;  30 - 3;  21 - 13;  22 - 9;  22 - 8;  14 - 20;  17 - 13;  14 - 16;  20 - 15;  2 - 28;  4 - 26;  8 - 22;  1 - 31; 
 16 - 18;  19 - 12;  11 - 19;  22 - 8;  14 - 21;  16 - 15;  16 - 14;  18 - 13;  28 - 7;  21 - 9;  7 - 27;  19 - 11;  15 - 15;  25 - 7;  19 - 13;  23 - 11;  21 - 10;  19 - 14;  20 - 13;  17 - 13;  7 - 23;  15 - 15;  11 - 19;  22 - 12;  5 - 25;  1 - 33;  1 - 32;  0 - 30;  6 - 28;  3 - 29; 
 18 - 12;  17 - 17;  12 - 22;  25 - 6;  10 - 20;  7 - 23;  11 - 23;  28 - 2;  6 - 29;  15 - 20;  12 - 21;  21 - 9;  18 - 12;  17 - 18;  11 - 21;  17 - 13;  25 - 8;  20 - 10;  27 - 3;  20 - 10;  18 - 12;  19 - 11;  9 - 21;  4 - 29;  1 - 29;  9 - 21;  9 - 25;  3 - 31;  6 - 24;  0 - 34; 
 15 - 15;  18 - 12;  13 - 19;  9 - 21;  18 - 16;  20 - 15;  8 - 22;  21 - 9;  26 - 9;  25 - 5;  25 - 6;  12 - 18;  29 - 6;  18 - 12;  20 - 10;  13 - 17;  22 - 13;  23 - 7;  5 - 25;  17 - 13;  18 - 12;  22 - 8;  12 - 18;  9 - 26;  3 - 30;  15 - 15;  1 - 32;  3 - 31;  7 - 26;  0 - 30; 
 18 - 16;  19 - 12;  16 - 14;  15 - 15;  8 - 22;  4 - 26;  1 - 29;  17 - 15;  16 - 15;  27 - 3;  12 - 18;  30 - 5;  20 - 15;  14 - 18;  11 - 19;  13 - 22;  17 - 14;  26 - 4;  18 - 17;  14 - 16;  9 - 21;  19 - 11;  8 - 24;  9 - 23;  21 - 11;  2 - 28;  1 - 29;  1 - 34;  6 - 24;  1 - 31; 
 18 - 17;  3 - 32;  13 - 17;  21 - 9;  15 - 15;  30 - 5;  23 - 7;  17 - 13;  15 - 20;  7 - 23;  26 - 4;  12 - 21;  25 - 5;  4 - 26;  10 - 21;  22 - 13;  12 - 18;  15 - 15;  24 - 9;  17 - 15;  16 - 14;  11 - 19;  4 - 29;  10 - 20;  17 - 17;  3 - 27;  8 - 22;  2 - 30;  0 - 32;  2 - 29; 
 12 - 18;  8 - 22;  12 - 18;  16 - 16;  4 - 26;  3 - 30;  19 - 11;  21 - 11;  17 - 15;  22 - 8;  18 - 12;  9 - 26;  12 - 20;  18 - 16;  11 - 19;  18 - 14;  15 - 15;  8 - 22;  11 - 23;  16 - 15;  19 - 11;  11 - 21;  15 - 17;  15 - 15;  19 - 16;  17 - 15;  0 - 33;  2 - 28;  3 - 27;  1 - 29; 
 4 - 28;  13 - 17;  20 - 10;  22 - 13;  5 - 30;  16 - 14;  21 - 10;  14 - 16;  9 - 21;  11 - 19;  29 - 5;  14 - 16;  20 - 12;  13 - 17;  19 - 12;  10 - 23;  23 - 7;  19 - 11;  25 - 5;  12 - 18;  23 - 12;  11 - 19;  9 - 21;  11 - 23;  3 - 32;  11 - 20;  12 - 22;  1 - 31;  0 - 30;  1 - 29; 
 22 - 13;  27 - 3;  8 - 27;  15 - 18;  16 - 14;  20 - 10;  19 - 12;  20 - 12;  13 - 22;  27 - 8;  21 - 13;  15 - 15;  15 - 15;  18 - 12;  24 - 10;  21 - 9;  12 - 18;  13 - 17;  12 - 18;  23 - 7;  19 - 16;  19 - 12;  5 - 25;  18 - 12;  2 - 28;  11 - 22;  15 - 19;  3 - 31;  1 - 34;  16 - 14; 
 23 - 12;  18 - 12;  12 - 20;  9 - 24;  17 - 14;  3 - 31;  22 - 10;  2 - 28;  3 - 27;  7 - 23;  12 - 20;  16 - 14;  14 - 20;  12 - 22;  3 - 27;  7 - 27;  3 - 27;  1 - 29;  10 - 25;  7 - 23;  20 - 11;  7 - 23;  4 - 26;  3 - 27;  12 - 18;  10 - 20;  1 - 29;  2 - 28;  9 - 22;  12 - 18; 
 11 - 19;  20 - 10;  18 - 17;  8 - 22;  13 - 17;  3 - 27;  15 - 19;  12 - 23;  14 - 16;  13 - 17;  19 - 15;  26 - 5;  12 - 18;  17 - 15;  20 - 13;  2 - 28;  20 - 15;  14 - 16;  8 - 26;  4 - 26;  20 - 10;  12 - 18;  18 - 16;  5 - 27;  19 - 11;  18 - 14;  4 - 26;  2 - 28;  6 - 28;  1 - 29; 
 23 - 11;  31 - 4;  11 - 20;  14 - 16;  15 - 15;  10 - 20;  26 - 7;  16 - 16;  24 - 7;  20 - 12;  20 - 10;  10 - 23;  15 - 18;  6 - 27;  13 - 18;  29 - 5;  9 - 26;  25 - 5;  16 - 18;  19 - 16;  15 - 19;  16 - 17;  11 - 21;  2 - 28;  11 - 19;  2 - 28;  2 - 33;  8 - 27;  5 - 29;  1 - 29; 
 14 - 16;  20 - 13;  13 - 17;  23 - 7;  7 - 23;  10 - 20;  18 - 12;  17 - 13;  19 - 14;  26 - 9;  13 - 17;  19 - 12;  17 - 16;  23 - 7;  14 - 16;  23 - 7;  18 - 15;  11 - 19;  18 - 14;  14 - 19;  12 - 18;  25 - 10;  8 - 23;  17 - 13;  8 - 22;  9 - 23;  1 - 33;  3 - 29;  8 - 22;  3 - 27; 
 16 - 19;  20 - 10;  30 - 5;  4 - 26;  2 - 28;  15 - 15;  13 - 20;  14 - 16;  11 - 23;  20 - 10;  24 - 6;  10 - 20;  18 - 12;  7 - 28;  13 - 20;  14 - 16;  12 - 18;  25 - 9;  29 - 2;  23 - 7;  21 - 13;  12 - 22;  18 - 12;  32 - 3;  5 - 28;  13 - 20;  0 - 30;  3 - 27;  1 - 29;  14 - 19; 
 9 - 21;  19 - 11;  15 - 15;  15 - 17;  21 - 9;  23 - 12;  6 - 24;  11 - 21;  18 - 17;  23 - 10;  9 - 25;  22 - 13;  12 - 21;  12 - 18;  12 - 19;  7 - 23;  11 - 22;  19 - 13;  7 - 23;  9 - 22;  10 - 20;  20 - 11;  3 - 27;  4 - 26;  15 - 16;  12 - 21;  14 - 20;  3 - 31;  9 - 26;  1 - 33; 
 22 - 13;  15 - 19;  22 - 13;  19 - 12;  20 - 10;  17 - 18;  18 - 16;  17 - 18;  26 - 5;  14 - 21;  26 - 8;  18 - 12;  22 - 8;  15 - 18;  18 - 16;  19 - 13;  6 - 24;  17 - 13;  22 - 10;  16 - 19;  23 - 7;  23 - 7;  20 - 10;  10 - 24;  18 - 17;  15 - 17;  2 - 28;  0 - 30;  2 - 28;  0 - 33; 
 9 - 23;  22 - 9;  6 - 25;  9 - 21;  14 - 20;  7 - 24;  27 - 3;  13 - 17;  14 - 17;  8 - 22;  13 - 18;  24 - 10;  17 - 13;  15 - 16;  19 - 15;  25 - 5;  20 - 13;  11 - 24;  11 - 19;  14 - 16;  21 - 10;  18 - 13;  2 - 28;  15 - 18;  11 - 19;  16 - 16;  6 - 28;  0 - 30;  1 - 29;  8 - 25; 
 14 - 21;  11 - 19;  11 - 23;  21 - 11;  1 - 29;  18 - 16;  19 - 11;  6 - 29;  14 - 18;  4 - 26;  17 - 17;  3 - 27;  14 - 16;  11 - 19;  0 - 32;  0 - 30;  3 - 27;  8 - 22;  2 - 28;  12 - 18;  17 - 13;  3 - 27;  9 - 22;  2 - 32;  3 - 28;  2 - 32;  10 - 20;  8 - 27;  1 - 29;  1 - 32; 
 14 - 21;  26 - 4;  18 - 12;  12 - 22;  24 - 7;  9 - 21;  8 - 27;  14 - 16;  15 - 15;  27 - 4;  28 - 7;  9 - 21;  20 - 11;  8 - 27;  18 - 12;  22 - 8;  13 - 17;  7 - 27;  19 - 11;  9 - 21;  1 - 29;  17 - 13;  13 - 17;  16 - 14;  10 - 23;  9 - 21;  1 - 29;  0 - 30;  0 - 35;  9 - 24; 
 23 - 12;  18 - 12;  12 - 22;  19 - 11;  12 - 21;  9 - 21;  0 - 30;  7 - 23;  1 - 29;  9 - 21;  17 - 13;  15 - 19;  10 - 21;  16 - 19;  5 - 25;  9 - 21;  9 - 21;  16 - 14;  12 - 18;  22 - 8;  1 - 31;  3 - 27;  20 - 11;  5 - 25;  10 - 20;  7 - 23;  10 - 25;  6 - 24;  2 - 28;  3 - 29; 
 21 - 12;  11 - 19;  8 - 22;  24 - 6;  20 - 10;  14 - 16;  10 - 20;  16 - 17;  13 - 17;  10 - 20;  24 - 7;  15 - 15;  8 - 22;  16 - 14;  28 - 2;  26 - 4;  5 - 25;  12 - 22;  19 - 12;  24 - 11;  13 - 22;  17 - 13;  16 - 14;  7 - 23;  17 - 13;  7 - 23;  7 - 23;  2 - 33;  2 - 28;  8 - 22; 
 12 - 21;  11 - 20;  17 - 13;  7 - 23;  19 - 12;  18 - 16;  6 - 24;  26 - 4;  12 - 19;  15 - 15;  8 - 25;  15 - 20;  6 - 24;  17 - 13;  17 - 17;  15 - 15;  16 - 18;  23 - 9;  7 - 27;  17 - 17;  23 - 7;  20 - 10;  8 - 27;  13 - 20;  9 - 26;  13 - 20;  2 - 30;  0 - 30;  2 - 30;  7 - 24; 
 27 - 8;  6 - 24;  16 - 14;  20 - 15;  29 - 6;  26 - 7;  13 - 17;  27 - 3;  26 - 4;  18 - 12;  8 - 22;  22 - 13;  18 - 14;  7 - 26;  21 - 11;  10 - 20;  9 - 21;  5 - 30;  15 - 15;  22 - 8;  13 - 17;  18 - 13;  25 - 5;  8 - 22;  29 - 6;  14 - 20;  2 - 28;  3 - 30;  0 - 31;  1 - 33; 
 16 - 14;  17 - 13;  17 - 13;  24 - 9;  24 - 7;  20 - 11;  12 - 23;  16 - 18;  15 - 15;  10 - 21;  24 - 11;  17 - 15;  15 - 20;  21 - 14;  10 - 20;  9 - 21;  14 - 16;  22 - 8;  15 - 17;  15 - 15;  14 - 16;  17 - 18;  8 - 26;  15 - 20;  3 - 32;  6 - 24;  1 - 29;  6 - 27;  2 - 29;  0 - 30; 
 25 - 5;  26 - 7;  13 - 17;  13 - 17;  20 - 10;  25 - 9;  15 - 20;  18 - 12;  12 - 18;  23 - 11;  11 - 19;  17 - 16;  22 - 8;  16 - 19;  18 - 17;  7 - 23;  19 - 11;  15 - 15;  25 - 8;  9 - 21;  19 - 13;  12 - 20;  21 - 11;  1 - 29;  13 - 19;  16 - 14;  2 - 32;  1 - 30;  2 - 28;  6 - 28; 
 12 - 20;  27 - 6;  18 - 12;  14 - 18;  11 - 21;  20 - 10;  27 - 5;  16 - 14;  11 - 19;  6 - 24;  10 - 24;  10 - 20;  9 - 25;  5 - 25;  17 - 15;  6 - 28;  9 - 21;  23 - 7;  15 - 15;  7 - 23;  16 - 14;  20 - 10;  24 - 6;  14 - 16;  10 - 21;  8 - 22;  9 - 21;  1 - 33;  7 - 23;  1 - 33; 
 9 - 21;  22 - 13;  20 - 14;  20 - 10;  16 - 15;  18 - 12;  20 - 10;  16 - 16;  27 - 4;  15 - 15;  11 - 19;  11 - 19;  15 - 15;  21 - 13;  16 - 14;  12 - 18;  17 - 13;  24 - 10;  19 - 14;  15 - 19;  18 - 12;  7 - 25;  20 - 14;  6 - 28;  12 - 20;  8 - 22;  1 - 34;  3 - 30;  7 - 23;  6 - 28; 
 19 - 12;  11 - 19;  14 - 17;  16 - 14;  12 - 22;  9 - 21;  13 - 17;  15 - 19;  10 - 25;  12 - 18;  25 - 9;  31 - 4;  11 - 21;  5 - 27;  11 - 19;  7 - 23;  9 - 26;  10 - 21;  16 - 14;  6 - 28;  24 - 6;  13 - 17;  2 - 31;  10 - 23;  15 - 15;  14 - 16;  2 - 32;  15 - 15;  9 - 26;  2 - 28; 
 20 - 13;  23 - 11;  19 - 11;  15 - 16;  20 - 10;  28 - 6;  11 - 19;  19 - 14;  10 - 24;  19 - 11;  19 - 15;  17 - 13;  16 - 14;  25 - 10;  19 - 13;  18 - 14;  17 - 13;  28 - 7;  20 - 11;  14 - 17;  18 - 12;  11 - 22;  1 - 29;  13 - 17;  25 - 5;  10 - 20;  12 - 18;  1 - 33;  2 - 30;  12 - 18; 
 16 - 19;  20 - 10;  27 - 4;  5 - 26;  20 - 13;  13 - 17;  15 - 20;  15 - 18;  8 - 25;  15 - 19;  13 - 17;  8 - 23;  21 - 9;  11 - 19;  14 - 16;  6 - 24;  19 - 11;  23 - 9;  13 - 17;  3 - 27;  14 - 16;  18 - 17;  20 - 11;  15 - 15;  2 - 28;  8 - 24;  8 - 22;  2 - 33;  5 - 25;  6 - 24; 
 20 - 10;  19 - 11;  17 - 13;  19 - 14;  14 - 17;  17 - 17;  5 - 26;  21 - 9;  17 - 19;  28 - 5;  8 - 22;  13 - 17;  22 - 8;  3 - 27;  8 - 22;  10 - 20;  24 - 8;  15 - 15;  21 - 13;  24 - 10;  6 - 24;  13 - 20;  17 - 16;  4 - 31;  10 - 20;  7 - 27;  0 - 35;  0 - 34;  7 - 23;  0 - 30; 
 17 - 13;  27 - 6;  20 - 13;  13 - 22;  15 - 15;  19 - 12;  19 - 16;  15 - 15;  18 - 15;  13 - 17;  21 - 13;  9 - 21;  18 - 12;  11 - 20;  18 - 14;  25 - 6;  17 - 15;  16 - 19;  12 - 19;  15 - 20;  7 - 23;  13 - 17;  9 - 21;  2 - 28;  24 - 6;  4 - 26;  13 - 17;  6 - 27;  27 - 7;  6 - 24; 
 11 - 20;  12 - 18;  7 - 24;  18 - 12;  21 - 14;  19 - 15;  15 - 15;  10 - 22;  16 - 14;  13 - 19;  20 - 10;  15 - 15;  13 - 20;  16 - 14;  16 - 14;  10 - 20;  5 - 25;  13 - 17;  25 - 9;  14 - 20;  26 - 9;  17 - 13;  9 - 24;  23 - 9;  11 - 19;  14 - 16;  10 - 25;  4 - 27;  1 - 29;  2 - 28; 
 16 - 17;  25 - 6;  18 - 12;  19 - 11;  13 - 21;  4 - 26;  16 - 14;  18 - 12;  16 - 14;  15 - 15;  26 - 7;  8 - 23;  14 - 16;  17 - 16;  22 - 11;  23 - 7;  27 - 3;  19 - 13;  15 - 18;  15 - 18;  10 - 21;  18 - 17;  7 - 23;  11 - 20;  17 - 16;  6 - 25;  2 - 28;  7 - 25;  8 - 22;  6 - 24; 
 2 - 28;  17 - 13;  19 - 11;  13 - 17;  23 - 11;  12 - 18;  12 - 18;  19 - 11;  20 - 10;  12 - 19;  26 - 6;  19 - 14;  13 - 19;  16 - 15;  7 - 24;  11 - 19;  22 - 11;  9 - 23;  22 - 13;  17 - 13;  13 - 17;  13 - 17;  14 - 16;  21 - 12;  3 - 27;  9 - 21;  9 - 21;  1 - 31;  1 - 33;  1 - 29; 
 16 - 16;  19 - 11;  20 - 15;  15 - 19;  17 - 15;  23 - 12;  9 - 21;  4 - 29;  21 - 10;  24 - 6;  12 - 18;  17 - 13;  11 - 19;  12 - 18;  22 - 12;  13 - 17;  10 - 20;  13 - 17;  21 - 13;  15 - 19;  22 - 11;  19 - 11;  10 - 20;  13 - 21;  8 - 25;  13 - 17;  1 - 32;  0 - 32;  8 - 23;  1 - 29; 
 15 - 17;  11 - 20;  5 - 25;  12 - 19;  9 - 21;  16 - 14;  25 - 10;  13 - 17;  9 - 26;  7 - 24;  31 - 3;  18 - 14;  10 - 22;  14 - 16;  21 - 9;  17 - 16;  6 - 25;  12 - 18;  6 - 24;  9 - 21;  15 - 15;  18 - 16;  12 - 18;  9 - 21;  14 - 16;  8 - 22;  8 - 25;  1 - 29;  0 - 30;  3 - 28; 
 11 - 19;  26 - 9;  15 - 15;  4 - 26;  14 - 16;  2 - 28;  24 - 10;  29 - 4;  7 - 26;  20 - 11;  10 - 20;  13 - 22;  7 - 24;  11 - 21;  19 - 11;  13 - 17;  8 - 22;  13 - 17;  9 - 26;  8 - 22;  6 - 24;  11 - 19;  3 - 27;  2 - 30;  0 - 30;  7 - 26;  0 - 30;  2 - 31;  0 - 30;  3 - 27; 
 17 - 13;  20 - 10;  21 - 10;  15 - 19;  2 - 28;  19 - 14;  12 - 18;  18 - 12;  25 - 9;  22 - 10;  2 - 32;  2 - 29;  10 - 21;  17 - 15;  15 - 15;  2 - 32;  13 - 17;  9 - 24;  15 - 15;  9 - 21;  7 - 23;  25 - 10;  18 - 13;  9 - 23;  17 - 15;  10 - 20;  2 - 31;  0 - 30;  0 - 35;  1 - 31; 
 10 - 20;  18 - 12;  18 - 12;  4 - 30;  18 - 16;  1 - 29;  5 - 28;  20 - 10;  21 - 13;  17 - 13;  11 - 19;  14 - 19;  17 - 13;  12 - 18;  21 - 9;  4 - 31;  18 - 16;  21 - 9;  18 - 12;  25 - 5;  2 - 28;  20 - 10;  9 - 25;  3 - 27;  16 - 14;  6 - 24;  4 - 31;  14 - 21;  2 - 29;  2 - 33; 
 12 - 23;  9 - 21;  15 - 15;  19 - 11;  15 - 15;  4 - 26;  8 - 27;  22 - 12;  6 - 24;  23 - 10;  10 - 20;  19 - 11;  10 - 20;  16 - 14;  19 - 11;  5 - 25;  11 - 19;  15 - 15;  10 - 22;  8 - 22;  8 - 26;  7 - 23;  18 - 12;  12 - 19;  12 - 23;  24 - 9;  2 - 28;  1 - 29;  13 - 18;  2 - 28; 
 18 - 17;  12 - 20;  15 - 15;  9 - 24;  22 - 11;  21 - 9;  16 - 17;  23 - 8;  17 - 18;  18 - 14;  7 - 23;  25 - 10;  23 - 7;  22 - 8;  5 - 30;  15 - 16;  9 - 25;  12 - 22;  15 - 15;  8 - 26;  6 - 24;  19 - 11;  10 - 20;  11 - 19;  7 - 23;  10 - 20;  1 - 29;  2 - 29;  1 - 33;  11 - 23; 
 21 - 14;  19 - 16;  9 - 21;  11 - 19;  18 - 13;  8 - 22;  15 - 15;  21 - 9;  18 - 12;  14 - 20;  16 - 14;  17 - 13;  12 - 19;  19 - 11;  21 - 13;  11 - 20;  17 - 17;  14 - 16;  22 - 8;  17 - 13;  21 - 14;  29 - 3;  11 - 23;  9 - 23;  11 - 23;  23 - 12;  8 - 23;  28 - 3;  2 - 29;  4 - 28; 
 10 - 24;  27 - 7;  15 - 20;  30 - 0;  16 - 18;  19 - 11;  17 - 14;  13 - 17;  21 - 9;  16 - 14;  12 - 22;  22 - 8;  15 - 18;  17 - 16;  17 - 13;  4 - 26;  23 - 7;  17 - 17;  5 - 25;  6 - 27;  18 - 15;  21 - 9;  10 - 20;  22 - 12;  8 - 24;  2 - 28;  13 - 22;  3 - 31;  14 - 16;  4 - 26; 
 1 - 34;  13 - 17;  3 - 28;  20 - 12;  21 - 9;  10 - 25;  13 - 17;  23 - 7;  22 - 11;  24 - 11;  16 - 14;  15 - 15;  18 - 16;  14 - 16;  10 - 20;  12 - 18;  10 - 22;  19 - 14;  16 - 14;  22 - 13;  30 - 4;  15 - 19;  4 - 26;  22 - 8;  12 - 18;  16 - 15;  3 - 30;  0 - 34;  0 - 31;  0 - 34; 
 16 - 16;  13 - 19;  11 - 19;  26 - 4;  9 - 21;  7 - 23;  4 - 26;  23 - 10;  24 - 7;  12 - 19;  24 - 6;  19 - 16;  18 - 12;  21 - 9;  15 - 19;  22 - 8;  25 - 10;  22 - 11;  23 - 13;  11 - 21;  20 - 10;  17 - 13;  21 - 9;  6 - 25;  3 - 30;  20 - 10;  3 - 27;  8 - 22;  0 - 30;  0 - 30; 
 21 - 9;  15 - 16;  11 - 19;  16 - 14;  9 - 22;  25 - 5;  13 - 17;  22 - 11;  13 - 17;  9 - 21;  8 - 22;  12 - 19;  23 - 7;  27 - 8;  22 - 8;  25 - 9;  17 - 13;  14 - 19;  15 - 15;  17 - 16;  22 - 8;  11 - 22;  19 - 11;  7 - 23;  5 - 25;  17 - 13;  1 - 29;  7 - 23;  0 - 33;  3 - 32; 
 22 - 8;  21 - 9;  10 - 22;  15 - 15;  12 - 20;  20 - 10;  16 - 17;  13 - 17;  12 - 18;  15 - 15;  8 - 22;  23 - 7;  17 - 13;  14 - 19;  23 - 7;  15 - 15;  26 - 4;  11 - 21;  17 - 15;  18 - 12;  12 - 18;  18 - 15;  8 - 23;  13 - 20;  7 - 24;  25 - 5;  11 - 24;  8 - 23;  0 - 35;  1 - 29; 
 20 - 14;  13 - 21;  12 - 18;  18 - 12;  4 - 26;  28 - 4;  30 - 1;  19 - 11;  27 - 8;  26 - 4;  13 - 17;  9 - 25;  11 - 19;  7 - 24;  16 - 14;  20 - 11;  16 - 19;  3 - 30;  8 - 25;  10 - 21;  14 - 16;  15 - 20;  19 - 11;  7 - 23;  17 - 18;  2 - 28;  6 - 24;  7 - 23;  8 - 22;  11 - 21; 
 5 - 25;  26 - 4;  11 - 19;  15 - 20;  6 - 24;  19 - 16;  17 - 18;  25 - 9;  30 - 3;  4 - 29;  22 - 8;  2 - 32;  12 - 18;  12 - 21;  7 - 23;  18 - 18;  8 - 22;  25 - 9;  2 - 29;  14 - 18;  7 - 26;  10 - 21;  0 - 30;  14 - 16;  12 - 19;  19 - 14;  1 - 29;  1 - 29;  3 - 29;  7 - 28; 
 8 - 22;  31 - 3;  18 - 12;  6 - 24;  14 - 19;  14 - 16;  4 - 26;  9 - 21;  6 - 24;  13 - 21;  17 - 14;  12 - 18;  16 - 16;  21 - 11;  6 - 24;  4 - 28;  20 - 11;  2 - 33;  22 - 8;  12 - 18;  6 - 24;  21 - 12;  2 - 28;  16 - 18;  13 - 17;  18 - 13;  11 - 19;  7 - 23;  2 - 32;  2 - 28; 
 12 - 18;  17 - 13;  17 - 17;  17 - 18;  20 - 15;  23 - 7;  19 - 11;  0 - 30;  13 - 17;  16 - 14;  21 - 9;  21 - 9;  19 - 11;  23 - 8;  12 - 18;  16 - 19;  15 - 15;  20 - 10;  18 - 15;  11 - 23;  16 - 18;  12 - 18;  9 - 21;  4 - 26;  23 - 7;  19 - 11;  8 - 22;  18 - 16;  1 - 34;  2 - 30; 
 24 - 9;  24 - 8;  14 - 16;  17 - 13;  20 - 10;  17 - 13;  13 - 17;  16 - 19;  13 - 17;  16 - 15;  12 - 18;  19 - 13;  21 - 14;  24 - 9;  21 - 14;  16 - 14;  16 - 17;  3 - 32;  13 - 17;  16 - 14;  16 - 14;  10 - 22;  16 - 14;  8 - 24;  12 - 18;  1 - 31;  2 - 33;  0 - 35;  2 - 28;  7 - 28; 
 15 - 15;  24 - 10;  6 - 27;  2 - 28;  9 - 21;  9 - 22;  9 - 21;  17 - 17;  16 - 14;  22 - 8;  18 - 16;  16 - 18;  11 - 19;  10 - 24;  26 - 4;  18 - 12;  21 - 9;  18 - 12;  13 - 17;  21 - 10;  25 - 5;  19 - 14;  0 - 30;  7 - 24;  24 - 11;  10 - 20;  2 - 32;  4 - 27;  2 - 28;  0 - 30; 
 22 - 8;  13 - 17;  22 - 8;  19 - 16;  17 - 13;  17 - 17;  13 - 19;  9 - 21;  16 - 19;  20 - 10;  20 - 10;  25 - 5;  27 - 8;  14 - 17;  22 - 8;  22 - 13;  13 - 17;  18 - 13;  10 - 20;  12 - 23;  24 - 9;  15 - 15;  20 - 10;  20 - 10;  20 - 10;  17 - 15;  8 - 22;  13 - 22;  6 - 24;  1 - 29; 
 10 - 20;  22 - 11;  24 - 6;  15 - 15;  9 - 21;  13 - 20;  1 - 32;  24 - 6;  22 - 10;  13 - 21;  18 - 12;  14 - 21;  9 - 22;  11 - 19;  17 - 13;  17 - 16;  21 - 9;  22 - 9;  11 - 19;  10 - 20;  16 - 14;  25 - 5;  2 - 28;  18 - 12;  2 - 31;  1 - 34;  5 - 28;  1 - 32;  3 - 27;  6 - 29; 
 24 - 11;  13 - 22;  6 - 27;  29 - 5;  19 - 16;  22 - 8;  17 - 14;  15 - 15;  20 - 10;  21 - 12;  12 - 18;  22 - 8;  17 - 13;  12 - 18;  7 - 26;  16 - 14;  27 - 5;  21 - 9;  10 - 25;  15 - 15;  21 - 9;  11 - 19;  30 - 4;  14 - 16;  18 - 12;  0 - 30;  12 - 18;  0 - 30;  3 - 27;  7 - 24; 
 12 - 23;  16 - 16;  24 - 6;  19 - 11;  17 - 13;  13 - 20;  14 - 16;  13 - 17;  18 - 12;  18 - 12;  30 - 5;  21 - 14;  8 - 22;  16 - 14;  9 - 26;  18 - 12;  17 - 16;  16 - 14;  26 - 4;  19 - 14;  12 - 18;  22 - 13;  16 - 14;  17 - 13;  1 - 30;  5 - 25;  7 - 23;  1 - 29;  7 - 28;  1 - 29; 
 19 - 15;  20 - 10;  23 - 7;  26 - 6;  10 - 22;  11 - 19;  17 - 18;  23 - 7;  10 - 20;  15 - 18;  15 - 15;  21 - 13;  5 - 27;  28 - 3;  8 - 25;  12 - 19;  18 - 13;  19 - 11;  19 - 12;  10 - 22;  7 - 23;  17 - 13;  13 - 21;  10 - 24;  12 - 22;  17 - 13;  13 - 18;  3 - 27;  6 - 27;  13 - 21; 
 26 - 9;  16 - 14;  3 - 28;  18 - 12;  29 - 4;  13 - 19;  12 - 20;  13 - 17;  19 - 15;  16 - 15;  10 - 20;  17 - 13;  12 - 22;  26 - 9;  16 - 14;  19 - 11;  8 - 24;  10 - 24;  22 - 9;  21 - 12;  12 - 19;  15 - 18;  10 - 21;  13 - 22;  5 - 25;  22 - 8;  2 - 29;  0 - 32;  3 - 27;  14 - 20; 
 13 - 22;  17 - 18;  24 - 8;  21 - 9;  21 - 10;  14 - 18;  19 - 16;  25 - 6;  8 - 27;  14 - 17;  22 - 12;  22 - 8;  14 - 16;  10 - 22;  13 - 17;  23 - 7;  10 - 20;  18 - 12;  16 - 14;  15 - 16;  18 - 15;  24 - 9;  4 - 26;  17 - 13;  0 - 34;  11 - 19;  8 - 26;  1 - 29;  0 - 32;  2 - 32; 
 7 - 28;  8 - 23;  16 - 19;  7 - 23;  13 - 20;  12 - 18;  2 - 30;  15 - 19;  29 - 6;  6 - 25;  19 - 15;  20 - 10;  20 - 10;  6 - 24;  9 - 21;  27 - 3;  21 - 9;  15 - 15;  24 - 6;  18 - 12;  9 - 23;  10 - 20;  9 - 26;  24 - 11;  9 - 23;  17 - 18;  1 - 32;  0 - 31;  12 - 21;  10 - 22; 
 17 - 17;  10 - 20;  12 - 18;  25 - 10;  20 - 14;  10 - 21;  14 - 16;  31 - 1;  15 - 16;  2 - 28;  20 - 10;  0 - 30;  9 - 24;  2 - 28;  15 - 18;  12 - 18;  19 - 15;  13 - 19;  4 - 26;  4 - 27;  10 - 22;  12 - 20;  1 - 30;  10 - 25;  0 - 32;  12 - 18;  9 - 23;  0 - 30;  5 - 28;  2 - 28; 
 15 - 15;  14 - 16;  23 - 12;  13 - 17;  19 - 16;  2 - 28;  8 - 23;  3 - 31;  12 - 18;  21 - 9;  6 - 28;  8 - 23;  19 - 11;  5 - 25;  1 - 33;  16 - 16;  17 - 14;  11 - 19;  13 - 19;  5 - 25;  13 - 17;  11 - 21;  20 - 13;  18 - 14;  21 - 12;  4 - 26;  3 - 27;  1 - 33;  0 - 31;  6 - 24; 
 10 - 24;  3 - 27;  10 - 20;  28 - 3;  12 - 18;  10 - 24;  17 - 16;  16 - 14;  9 - 25;  13 - 21;  23 - 7;  12 - 18;  27 - 5;  19 - 12;  18 - 12;  29 - 2;  12 - 18;  23 - 7;  13 - 17;  9 - 26;  19 - 14;  28 - 2;  10 - 20;  14 - 18;  6 - 24;  9 - 21;  1 - 30;  1 - 34;  0 - 32;  0 - 30; 
 28 - 7;  14 - 16;  30 - 4;  7 - 23;  25 - 10;  20 - 12;  18 - 12;  14 - 21;  16 - 16;  11 - 19;  10 - 23;  27 - 3;  21 - 13;  22 - 9;  8 - 22;  11 - 19;  11 - 23;  14 - 16;  18 - 12;  17 - 18;  2 - 29;  13 - 17;  8 - 23;  4 - 26;  8 - 26;  19 - 11;  8 - 25;  2 - 33;  4 - 26;  1 - 29; 
 13 - 17;  29 - 6;  30 - 5;  14 - 16;  18 - 16;  16 - 18;  11 - 19;  6 - 24;  25 - 6;  20 - 10;  17 - 16;  22 - 10;  14 - 21;  23 - 7;  19 - 13;  5 - 25;  12 - 18;  18 - 12;  8 - 26;  28 - 7;  11 - 21;  15 - 20;  17 - 16;  7 - 23;  17 - 13;  7 - 25;  7 - 23;  6 - 26;  0 - 34;  3 - 28; 
 18 - 12;  28 - 7;  11 - 19;  12 - 18;  21 - 14;  19 - 14;  13 - 18;  13 - 17;  7 - 23;  13 - 17;  20 - 14;  12 - 19;  24 - 8;  17 - 16;  11 - 19;  22 - 13;  27 - 3;  17 - 13;  9 - 22;  14 - 19;  17 - 13;  24 - 9;  11 - 19;  10 - 21;  14 - 16;  20 - 10;  4 - 31;  9 - 21;  0 - 30;  6 - 24; 
 12 - 20;  9 - 25;  19 - 11;  8 - 24;  20 - 14;  12 - 18;  26 - 9;  10 - 23;  20 - 14;  15 - 15;  15 - 15;  10 - 22;  24 - 6;  20 - 13;  10 - 21;  17 - 13;  24 - 6;  13 - 18;  26 - 4;  22 - 9;  22 - 11;  14 - 16;  10 - 20;  14 - 19;  5 - 25;  5 - 26;  1 - 30;  7 - 27;  0 - 30;  8 - 22; 
 9 - 21;  16 - 14;  13 - 17;  24 - 6;  24 - 10;  20 - 10;  17 - 13;  20 - 12;  18 - 12;  26 - 9;  19 - 13;  6 - 24;  14 - 16;  5 - 28;  8 - 25;  16 - 19;  21 - 9;  18 - 12;  11 - 19;  18 - 12;  13 - 17;  9 - 21;  7 - 24;  15 - 16;  30 - 4;  3 - 31;  1 - 29;  9 - 25;  2 - 28;  8 - 27; 
 6 - 26;  19 - 15;  25 - 10;  19 - 13;  11 - 21;  0 - 34;  9 - 24;  3 - 27;  6 - 24;  18 - 15;  8 - 24;  15 - 15;  23 - 7;  20 - 10;  2 - 33;  16 - 14;  17 - 13;  14 - 21;  3 - 28;  12 - 22;  25 - 5;  18 - 16;  15 - 17;  1 - 29;  21 - 9;  15 - 15;  4 - 26;  2 - 28;  0 - 32;  3 - 27; 
 9 - 25;  19 - 14;  24 - 6;  21 - 13;  16 - 14;  22 - 10;  20 - 13;  8 - 22;  17 - 13;  15 - 15;  20 - 10;  24 - 11;  25 - 10;  19 - 11;  17 - 16;  14 - 16;  13 - 17;  12 - 18;  11 - 19;  6 - 24;  16 - 17;  13 - 18;  8 - 27;  3 - 29;  4 - 31;  19 - 12;  25 - 5;  8 - 25;  3 - 27;  1 - 29; 
 6 - 27;  20 - 10;  13 - 17;  26 - 4;  24 - 6;  16 - 14;  1 - 32;  0 - 33;  12 - 23;  7 - 25;  7 - 27;  21 - 9;  16 - 19;  2 - 28;  1 - 29;  19 - 11;  16 - 14;  1 - 30;  15 - 16;  8 - 22;  10 - 20;  3 - 32;  1 - 30;  11 - 19;  1 - 31;  19 - 12;  3 - 29;  7 - 23;  8 - 22;  2 - 28; 
 13 - 17;  26 - 5;  13 - 21;  16 - 19;  15 - 17;  6 - 26;  14 - 16;  8 - 27;  6 - 27;  12 - 18;  12 - 19;  8 - 22;  0 - 30;  7 - 24;  19 - 12;  2 - 28;  25 - 9;  13 - 21;  13 - 18;  9 - 22;  14 - 16;  17 - 17;  6 - 24;  8 - 27;  15 - 15;  6 - 26;  0 - 30;  1 - 29;  1 - 29;  2 - 28; 
 22 - 8;  15 - 18;  3 - 27;  13 - 17;  21 - 14;  13 - 18;  18 - 15;  14 - 18;  9 - 25;  8 - 22;  13 - 17;  3 - 27;  22 - 9;  25 - 8;  19 - 13;  9 - 23;  17 - 14;  16 - 19;  7 - 23;  20 - 12;  19 - 11;  28 - 7;  7 - 23;  19 - 11;  3 - 27;  7 - 25;  0 - 30;  2 - 33;  14 - 19;  6 - 24; 
 6 - 24;  25 - 5;  18 - 16;  18 - 17;  21 - 9;  13 - 17;  15 - 15;  23 - 8;  30 - 0;  28 - 2;  19 - 11;  11 - 24;  21 - 9;  27 - 8;  28 - 3;  19 - 13;  15 - 15;  19 - 11;  11 - 20;  13 - 17;  22 - 8;  19 - 17;  17 - 13;  14 - 18;  19 - 13;  20 - 10;  1 - 34;  2 - 29;  0 - 30;  6 - 24; 
 22 - 9;  12 - 20;  18 - 17;  16 - 14;  22 - 8;  18 - 13;  12 - 20;  13 - 17;  10 - 20;  16 - 14;  12 - 22;  22 - 8;  13 - 17;  12 - 20;  16 - 19;  21 - 9;  13 - 17;  28 - 2;  6 - 24;  10 - 25;  16 - 15;  25 - 5;  20 - 10;  9 - 25;  23 - 7;  21 - 9;  10 - 20;  2 - 33;  2 - 28;  8 - 27; 
 22 - 13;  26 - 4;  4 - 27;  24 - 6;  17 - 13;  10 - 20;  20 - 11;  14 - 16;  6 - 25;  23 - 12;  20 - 13;  10 - 20;  5 - 25;  14 - 20;  15 - 15;  13 - 22;  23 - 12;  14 - 18;  19 - 12;  11 - 19;  17 - 13;  22 - 11;  19 - 11;  24 - 11;  8 - 22;  11 - 19;  8 - 25;  6 - 29;  0 - 31;  1 - 31; 
 16 - 15;  9 - 21;  15 - 19;  19 - 11;  16 - 14;  14 - 16;  18 - 12;  19 - 11;  6 - 25;  25 - 10;  6 - 24;  17 - 13;  20 - 10;  9 - 22;  10 - 21;  14 - 21;  23 - 7;  22 - 10;  11 - 21;  21 - 10;  25 - 5;  20 - 10;  7 - 23;  17 - 13;  20 - 13;  11 - 23;  8 - 27;  10 - 20;  0 - 31;  2 - 28; 
 13 - 17;  15 - 19;  20 - 13;  17 - 13;  14 - 16;  20 - 10;  20 - 12;  19 - 11;  16 - 19;  11 - 19;  18 - 12;  14 - 18;  22 - 13;  17 - 13;  13 - 17;  19 - 11;  19 - 12;  18 - 12;  29 - 5;  17 - 13;  10 - 24;  5 - 25;  31 - 4;  1 - 29;  14 - 16;  19 - 11;  11 - 24;  4 - 26;  7 - 27;  12 - 21; 
 8 - 22;  23 - 7;  12 - 18;  14 - 16;  14 - 16;  14 - 21;  18 - 12;  10 - 20;  18 - 12;  8 - 26;  20 - 14;  22 - 8;  18 - 12;  16 - 14;  20 - 11;  16 - 18;  8 - 23;  23 - 11;  18 - 17;  20 - 11;  15 - 15;  19 - 15;  14 - 19;  16 - 16;  11 - 19;  24 - 6;  1 - 34;  2 - 33;  2 - 30;  12 - 18; 
 7 - 27;  14 - 18;  5 - 25;  4 - 30;  32 - 3;  8 - 22;  15 - 20;  21 - 9;  21 - 10;  17 - 17;  25 - 5;  18 - 12;  20 - 12;  14 - 16;  23 - 7;  18 - 13;  19 - 11;  12 - 18;  12 - 18;  15 - 18;  13 - 22;  20 - 12;  21 - 9;  20 - 11;  3 - 27;  2 - 28;  2 - 28;  1 - 30;  14 - 20;  11 - 19; 
 11 - 19;  21 - 12;  30 - 4;  19 - 11;  13 - 21;  12 - 18;  10 - 20;  28 - 5;  17 - 13;  27 - 8;  17 - 13;  15 - 15;  5 - 25;  11 - 19;  23 - 7;  11 - 23;  15 - 17;  17 - 16;  6 - 24;  9 - 21;  12 - 18;  25 - 5;  16 - 18;  11 - 19;  10 - 20;  18 - 16;  1 - 29;  3 - 27;  1 - 32;  9 - 26; 
 25 - 5;  9 - 26;  17 - 13;  14 - 16;  19 - 13;  19 - 11;  16 - 19;  21 - 11;  26 - 5;  16 - 14;  19 - 16;  21 - 12;  18 - 13;  12 - 18;  16 - 14;  23 - 7;  24 - 10;  12 - 18;  17 - 13;  25 - 5;  13 - 17;  7 - 23;  11 - 23;  27 - 8;  11 - 19;  16 - 17;  12 - 21;  3 - 27;  0 - 30;  10 - 21; 
 10 - 23;  21 - 9;  24 - 8;  13 - 17;  1 - 31;  23 - 8;  16 - 14;  12 - 23;  0 - 30;  0 - 32;  10 - 21;  0 - 30;  19 - 14;  22 - 9;  23 - 8;  9 - 21;  0 - 30;  1 - 29;  2 - 28;  24 - 11;  8 - 27;  26 - 4;  16 - 14;  15 - 18;  4 - 26;  8 - 25;  2 - 28;  9 - 23;  6 - 24;  10 - 23; 
 26 - 4;  27 - 3;  21 - 9;  5 - 27;  18 - 13;  15 - 15;  21 - 13;  16 - 14;  17 - 13;  12 - 18;  23 - 7;  14 - 16;  30 - 3;  12 - 23;  15 - 15;  13 - 17;  15 - 17;  9 - 21;  20 - 12;  19 - 11;  25 - 5;  15 - 18;  4 - 28;  12 - 18;  16 - 15;  14 - 18;  22 - 8;  9 - 23;  1 - 31;  1 - 34; 
 11 - 19;  12 - 19;  12 - 18;  15 - 15;  20 - 10;  28 - 5;  18 - 16;  13 - 17;  13 - 21;  10 - 25;  25 - 9;  29 - 4;  8 - 23;  14 - 18;  12 - 18;  22 - 11;  23 - 12;  20 - 10;  30 - 4;  7 - 23;  18 - 12;  27 - 8;  18 - 12;  26 - 5;  12 - 23;  9 - 25;  10 - 20;  6 - 24;  1 - 29;  6 - 26; 
 10 - 24;  9 - 22;  15 - 16;  20 - 14;  14 - 17;  15 - 19;  19 - 11;  8 - 22;  23 - 7;  22 - 11;  9 - 25;  21 - 9;  14 - 16;  7 - 23;  10 - 20;  9 - 22;  9 - 24;  3 - 27;  29 - 2;  11 - 19;  6 - 24;  19 - 11;  21 - 11;  18 - 16;  7 - 23;  14 - 16;  6 - 29;  12 - 23;  7 - 23;  15 - 15; 
 17 - 17;  22 - 11;  8 - 24;  0 - 33;  13 - 17;  5 - 29;  19 - 11;  8 - 24;  1 - 29;  24 - 6;  2 - 32;  7 - 23;  0 - 34;  16 - 14;  2 - 31;  0 - 30;  8 - 22;  3 - 27;  7 - 23;  0 - 31;  19 - 11;  2 - 28;  18 - 12;  2 - 31;  1 - 32;  9 - 21;  3 - 27;  2 - 31;  1 - 31;  2 - 28; 
 15 - 19;  14 - 16;  15 - 15;  27 - 6;  19 - 13;  2 - 29;  16 - 14;  9 - 23;  6 - 27;  18 - 14;  12 - 19;  24 - 10;  7 - 23;  21 - 11;  23 - 12;  15 - 15;  17 - 13;  17 - 13;  21 - 10;  0 - 31;  22 - 10;  31 - 1;  13 - 19;  3 - 28;  8 - 22;  9 - 21;  7 - 25;  3 - 27;  7 - 25;  4 - 31; 
 26 - 9;  13 - 17;  14 - 16;  20 - 14;  8 - 22;  9 - 26;  26 - 4;  18 - 14;  19 - 11;  19 - 11;  19 - 11;  14 - 16;  23 - 9;  17 - 13;  12 - 21;  24 - 10;  8 - 22;  21 - 12;  12 - 23;  19 - 12;  11 - 19;  12 - 18;  15 - 18;  23 - 9;  16 - 14;  17 - 14;  0 - 30;  15 - 17;  8 - 27;  2 - 28; 
 6 - 28;  19 - 13;  20 - 10;  12 - 18;  26 - 4;  23 - 7;  24 - 9;  12 - 18;  18 - 12;  23 - 10;  24 - 6;  22 - 12;  21 - 9;  10 - 21;  20 - 10;  20 - 10;  14 - 18;  12 - 20;  16 - 14;  18 - 12;  17 - 17;  19 - 11;  9 - 26;  8 - 22;  21 - 13;  14 - 16;  2 - 33;  11 - 24;  3 - 27;  7 - 26; 
 17 - 14;  13 - 17;  8 - 22;  12 - 23;  9 - 24;  13 - 17;  2 - 32;  1 - 29;  28 - 3;  2 - 31;  17 - 13;  12 - 18;  14 - 19;  1 - 30;  8 - 27;  8 - 26;  1 - 29;  8 - 22;  19 - 11;  3 - 29;  2 - 28;  6 - 29;  6 - 28;  11 - 19;  14 - 16;  7 - 24;  8 - 22;  1 - 32;  1 - 30;  7 - 26; 
 11 - 23;  23 - 12;  3 - 27;  14 - 18;  1 - 34;  12 - 20;  3 - 28;  26 - 9;  2 - 28;  6 - 26;  16 - 19;  4 - 29;  2 - 28;  3 - 27;  22 - 8;  8 - 22;  2 - 28;  12 - 18;  19 - 11;  13 - 18;  5 - 25;  18 - 13;  16 - 14;  2 - 28;  1 - 30;  7 - 23;  1 - 29;  1 - 30;  9 - 25;  3 - 27; 
 20 - 14;  22 - 8;  9 - 24;  14 - 18;  22 - 8;  8 - 22;  22 - 12;  3 - 32;  24 - 6;  13 - 17;  17 - 18;  18 - 16;  2 - 33;  22 - 10;  12 - 18;  28 - 3;  16 - 14;  6 - 24;  11 - 19;  8 - 22;  17 - 13;  10 - 23;  11 - 19;  16 - 14;  0 - 35;  12 - 20;  4 - 26;  1 - 29;  8 - 26;  3 - 32; 
 20 - 14;  12 - 19;  25 - 8;  14 - 21;  16 - 14;  23 - 7;  15 - 18;  21 - 11;  20 - 10;  25 - 5;  5 - 28;  23 - 7;  3 - 27;  8 - 22;  15 - 15;  5 - 25;  19 - 13;  12 - 18;  14 - 16;  8 - 22;  11 - 19;  22 - 8;  11 - 21;  8 - 24;  17 - 14;  14 - 18;  10 - 20;  0 - 30;  1 - 32;  8 - 22; 
 18 - 13;  22 - 10;  11 - 23;  11 - 19;  17 - 16;  18 - 14;  27 - 6;  12 - 18;  9 - 24;  16 - 17;  13 - 20;  21 - 9;  6 - 25;  20 - 10;  3 - 30;  22 - 10;  18 - 13;  17 - 15;  15 - 19;  8 - 22;  14 - 20;  20 - 10;  20 - 10;  10 - 20;  8 - 23;  13 - 17;  1 - 29;  2 - 28;  1 - 34;  0 - 30; 
 15 - 15;  18 - 12;  8 - 25;  18 - 12;  22 - 13;  15 - 15;  21 - 10;  16 - 18;  30 - 4;  16 - 15;  12 - 18;  16 - 17;  17 - 13;  14 - 17;  15 - 15;  15 - 16;  20 - 10;  18 - 12;  8 - 22;  20 - 10;  16 - 18;  13 - 17;  8 - 23;  21 - 11;  3 - 27;  11 - 24;  1 - 33;  3 - 30;  8 - 22;  0 - 34; 
 12 - 21;  16 - 16;  16 - 19;  11 - 21;  12 - 18;  8 - 22;  24 - 6;  9 - 22;  11 - 22;  16 - 14;  13 - 17;  17 - 13;  25 - 5;  18 - 15;  10 - 24;  8 - 27;  28 - 2;  12 - 18;  23 - 10;  12 - 23;  21 - 12;  17 - 17;  26 - 4;  1 - 29;  16 - 14;  2 - 28;  9 - 26;  9 - 21;  11 - 20;  14 - 20; 
 14 - 17;  10 - 23;  19 - 14;  4 - 26;  22 - 10;  8 - 22;  19 - 12;  16 - 19;  17 - 13;  20 - 14;  4 - 26;  22 - 10;  2 - 33;  2 - 29;  18 - 12;  14 - 20;  11 - 19;  5 - 25;  18 - 13;  3 - 28;  7 - 23;  0 - 30;  2 - 28;  0 - 30;  8 - 24;  17 - 13;  0 - 31;  2 - 33;  13 - 17;  0 - 33; 
 19 - 12;  10 - 23;  10 - 20;  1 - 33;  15 - 15;  12 - 18;  19 - 16;  15 - 20;  11 - 22;  8 - 24;  20 - 10;  22 - 8;  26 - 7;  21 - 9;  17 - 15;  11 - 22;  6 - 24;  10 - 20;  23 - 11;  17 - 13;  23 - 8;  12 - 22;  20 - 10;  22 - 8;  12 - 18;  20 - 13;  4 - 26;  7 - 23;  10 - 23;  0 - 33; 
 20 - 10;  8 - 24;  14 - 16;  12 - 18;  14 - 17;  25 - 9;  25 - 7;  17 - 15;  13 - 17;  21 - 10;  10 - 24;  15 - 15;  5 - 25;  15 - 20;  18 - 12;  16 - 14;  16 - 17;  16 - 14;  13 - 17;  15 - 15;  14 - 16;  17 - 13;  12 - 23;  9 - 22;  8 - 25;  17 - 13;  3 - 27;  12 - 22;  7 - 27;  2 - 28; 
 24 - 8;  14 - 16;  18 - 12;  21 - 9;  24 - 11;  23 - 8;  22 - 8;  16 - 14;  8 - 23;  16 - 14;  11 - 19;  13 - 17;  14 - 18;  18 - 12;  10 - 20;  15 - 15;  24 - 7;  15 - 15;  4 - 30;  25 - 6;  11 - 19;  17 - 13;  18 - 12;  13 - 17;  12 - 18;  25 - 10;  12 - 18;  1 - 29;  3 - 32;  9 - 21; 
 18 - 12;  7 - 28;  25 - 6;  19 - 16;  25 - 5;  16 - 17;  20 - 14;  22 - 8;  21 - 11;  13 - 17;  10 - 20;  14 - 16;  19 - 14;  16 - 14;  9 - 24;  21 - 12;  18 - 13;  26 - 8;  13 - 17;  20 - 11;  25 - 5;  20 - 10;  9 - 21;  14 - 16;  17 - 13;  23 - 10;  2 - 32;  7 - 23;  0 - 35;  2 - 28; 
 10 - 21;  19 - 13;  13 - 17;  13 - 22;  16 - 14;  10 - 23;  29 - 1;  13 - 17;  17 - 16;  3 - 27;  11 - 19;  21 - 11;  18 - 12;  18 - 12;  23 - 7;  19 - 16;  17 - 13;  20 - 10;  14 - 16;  18 - 15;  15 - 15;  15 - 16;  17 - 17;  15 - 15;  15 - 20;  12 - 21;  1 - 29;  4 - 26;  1 - 31;  5 - 25; 
 19 - 14;  4 - 27;  19 - 11;  22 - 11;  10 - 22;  14 - 17;  15 - 18;  17 - 18;  29 - 2;  18 - 12;  12 - 18;  10 - 20;  13 - 17;  23 - 12;  7 - 23;  21 - 9;  18 - 12;  10 - 20;  20 - 11;  21 - 14;  8 - 23;  11 - 23;  20 - 11;  9 - 23;  9 - 21;  18 - 12;  1 - 29;  1 - 30;  13 - 18;  3 - 27; 
 20 - 14;  12 - 18;  24 - 6;  17 - 14;  7 - 26;  14 - 17;  20 - 13;  16 - 14;  19 - 11;  16 - 14;  20 - 10;  19 - 11;  10 - 25;  17 - 13;  11 - 19;  15 - 15;  17 - 16;  12 - 18;  9 - 23;  13 - 19;  26 - 5;  26 - 7;  22 - 10;  23 - 11;  6 - 29;  17 - 14;  6 - 24;  1 - 29;  7 - 27;  2 - 29; 
 8 - 27;  20 - 12;  12 - 18;  22 - 10;  19 - 11;  16 - 17;  17 - 13;  9 - 21;  15 - 19;  15 - 15;  24 - 6;  31 - 3;  21 - 10;  15 - 18;  19 - 12;  20 - 10;  24 - 11;  17 - 16;  13 - 22;  11 - 19;  16 - 15;  26 - 8;  2 - 32;  8 - 22;  10 - 21;  17 - 13;  2 - 28;  1 - 29;  1 - 30;  2 - 28; 
 17 - 13;  25 - 5;  17 - 13;  3 - 32;  12 - 18;  24 - 6;  23 - 11;  25 - 5;  28 - 7;  11 - 19;  22 - 13;  22 - 8;  12 - 21;  22 - 11;  13 - 17;  10 - 20;  17 - 16;  28 - 2;  6 - 24;  16 - 14;  13 - 17;  14 - 18;  20 - 10;  18 - 12;  5 - 25;  23 - 7;  4 - 28;  3 - 27;  1 - 29;  4 - 26; 
 30 - 5;  29 - 5;  17 - 13;  18 - 17;  10 - 20;  13 - 17;  8 - 22;  19 - 11;  19 - 12;  23 - 7;  26 - 4;  13 - 17;  21 - 13;  20 - 10;  16 - 15;  8 - 22;  29 - 6;  27 - 6;  17 - 13;  20 - 10;  17 - 13;  15 - 16;  10 - 22;  6 - 24;  13 - 17;  18 - 12;  1 - 30;  1 - 29;  4 - 30;  3 - 27; 
 25 - 6;  12 - 18;  17 - 14;  11 - 22;  16 - 14;  15 - 19;  8 - 24;  34 - 1;  15 - 15;  22 - 9;  14 - 21;  15 - 15;  19 - 11;  15 - 18;  17 - 13;  15 - 15;  11 - 19;  21 - 12;  17 - 15;  12 - 23;  26 - 7;  14 - 16;  26 - 9;  1 - 32;  3 - 28;  23 - 7;  7 - 28;  1 - 29;  14 - 17;  2 - 28; 
 26 - 9;  10 - 23;  13 - 17;  21 - 13;  16 - 15;  28 - 2;  23 - 7;  11 - 21;  12 - 23;  10 - 21;  16 - 18;  24 - 7;  18 - 14;  11 - 21;  20 - 14;  16 - 14;  10 - 24;  14 - 21;  17 - 13;  20 - 13;  12 - 20;  6 - 28;  9 - 26;  12 - 22;  20 - 10;  9 - 22;  3 - 29;  4 - 26;  3 - 27;  1 - 29; 
 15 - 15;  15 - 15;  20 - 10;  24 - 8;  14 - 16;  7 - 24;  26 - 7;  19 - 13;  21 - 9;  5 - 25;  17 - 17;  10 - 21;  12 - 19;  25 - 6;  12 - 21;  26 - 4;  21 - 10;  14 - 16;  23 - 7;  18 - 15;  13 - 17;  10 - 20;  18 - 16;  12 - 18;  18 - 17;  5 - 25;  8 - 24;  1 - 33;  8 - 24;  7 - 23; 
 14 - 16;  6 - 24;  18 - 12;  20 - 10;  17 - 13;  13 - 17;  20 - 10;  6 - 24;  17 - 16;  25 - 9;  13 - 20;  25 - 8;  17 - 13;  18 - 12;  26 - 8;  12 - 19;  21 - 9;  0 - 30;  18 - 14;  21 - 14;  16 - 14;  15 - 15;  17 - 15;  19 - 11;  14 - 16;  15 - 18;  1 - 33;  1 - 30;  2 - 28;  0 - 32; 
 15 - 18;  17 - 13;  10 - 22;  10 - 25;  16 - 16;  14 - 16;  5 - 25;  13 - 17;  19 - 12;  20 - 10;  9 - 21;  26 - 4;  17 - 13;  19 - 11;  20 - 12;  12 - 19;  17 - 14;  22 - 9;  18 - 12;  19 - 11;  14 - 16;  20 - 15;  14 - 16;  0 - 35;  5 - 27;  4 - 29;  7 - 23;  10 - 20;  0 - 31;  1 - 29; 
 16 - 14;  21 - 11;  24 - 6;  18 - 13;  17 - 16;  22 - 8;  11 - 19;  19 - 11;  17 - 17;  14 - 20;  16 - 14;  15 - 17;  20 - 10;  22 - 8;  16 - 14;  12 - 18;  10 - 25;  12 - 18;  22 - 12;  21 - 10;  10 - 20;  13 - 18;  20 - 10;  23 - 8;  14 - 16;  15 - 15;  7 - 23;  2 - 28;  6 - 24;  5 - 25; 
 24 - 6;  12 - 18;  9 - 21;  17 - 17;  22 - 8;  18 - 16;  14 - 16;  12 - 18;  16 - 17;  15 - 15;  10 - 22;  16 - 14;  18 - 17;  16 - 14;  13 - 17;  8 - 26;  7 - 23;  6 - 24;  26 - 7;  10 - 25;  20 - 10;  6 - 25;  11 - 19;  17 - 13;  8 - 25;  17 - 17;  10 - 20;  1 - 29;  2 - 28;  1 - 34; 
 20 - 10;  15 - 15;  20 - 10;  18 - 12;  6 - 24;  26 - 5;  12 - 18;  11 - 19;  20 - 12;  17 - 13;  13 - 18;  18 - 14;  14 - 16;  12 - 20;  20 - 14;  25 - 9;  17 - 16;  19 - 15;  9 - 26;  20 - 10;  19 - 11;  12 - 18;  9 - 23;  8 - 26;  24 - 6;  8 - 22;  8 - 22;  6 - 27;  9 - 24;  6 - 28; 
 12 - 18;  12 - 18;  5 - 25;  2 - 29;  14 - 18;  14 - 16;  5 - 26;  16 - 16;  18 - 15;  21 - 12;  10 - 22;  12 - 18;  11 - 20;  16 - 17;  18 - 12;  29 - 6;  20 - 10;  13 - 17;  30 - 3;  10 - 20;  27 - 8;  26 - 4;  13 - 17;  9 - 21;  9 - 21;  15 - 18;  3 - 27;  8 - 22;  0 - 30;  4 - 27; 
 15 - 16;  25 - 5;  20 - 10;  22 - 11;  9 - 21;  17 - 14;  15 - 15;  20 - 10;  15 - 16;  26 - 4;  11 - 19;  21 - 10;  20 - 13;  14 - 16;  13 - 18;  11 - 24;  23 - 7;  17 - 14;  28 - 2;  21 - 9;  9 - 24;  9 - 22;  16 - 19;  21 - 9;  12 - 18;  23 - 7;  8 - 22;  6 - 24;  5 - 26;  0 - 30; 
 14 - 16;  1 - 29;  18 - 12;  13 - 17;  12 - 20;  15 - 19;  16 - 17;  18 - 13;  23 - 9;  12 - 18;  24 - 10;  9 - 24;  7 - 23;  12 - 18;  19 - 13;  19 - 11;  15 - 16;  12 - 19;  16 - 14;  5 - 25;  9 - 21;  22 - 11;  23 - 9;  4 - 26;  18 - 12;  10 - 20;  5 - 25;  8 - 22;  2 - 28;  3 - 27; 
 18 - 12;  7 - 23;  20 - 10;  12 - 18;  18 - 12;  23 - 7;  25 - 7;  10 - 23;  12 - 18;  19 - 12;  28 - 4;  15 - 15;  21 - 10;  12 - 19;  24 - 6;  13 - 21;  19 - 11;  21 - 14;  17 - 15;  15 - 15;  14 - 16;  18 - 12;  9 - 21;  14 - 16;  13 - 17;  13 - 21;  2 - 33;  20 - 13;  4 - 29;  2 - 31; 
 6 - 25;  25 - 8;  8 - 22;  13 - 17;  3 - 27;  24 - 6;  13 - 19;  16 - 14;  17 - 13;  13 - 17;  21 - 12;  12 - 23;  15 - 17;  8 - 24;  11 - 19;  16 - 14;  11 - 19;  19 - 11;  16 - 14;  13 - 17;  14 - 18;  21 - 10;  10 - 23;  7 - 23;  20 - 10;  22 - 11;  18 - 12;  2 - 28;  3 - 28;  0 - 34; 
 18 - 12;  27 - 8;  31 - 4;  15 - 16;  24 - 6;  19 - 12;  3 - 27;  19 - 11;  15 - 15;  14 - 17;  14 - 18;  3 - 27;  19 - 16;  12 - 18;  27 - 8;  15 - 15;  11 - 23;  24 - 8;  13 - 17;  11 - 24;  14 - 16;  10 - 25;  25 - 9;  15 - 16;  19 - 16;  16 - 14;  3 - 27;  1 - 29;  1 - 29;  2 - 33; 
 11 - 22;  11 - 19;  10 - 20;  20 - 15;  13 - 22;  21 - 12;  21 - 9;  18 - 16;  11 - 19;  24 - 10;  11 - 20;  28 - 6;  21 - 9;  15 - 20;  21 - 9;  15 - 15;  29 - 1;  15 - 17;  20 - 11;  12 - 18;  11 - 22;  26 - 8;  12 - 21;  8 - 22;  21 - 10;  15 - 15;  2 - 28;  2 - 33;  8 - 26;  8 - 24; 
 18 - 12;  7 - 28;  20 - 10;  21 - 10;  19 - 16;  29 - 1;  3 - 27;  19 - 11;  26 - 4;  3 - 30;  24 - 6;  23 - 7;  1 - 31;  11 - 19;  26 - 9;  0 - 30;  6 - 28;  16 - 14;  11 - 19;  2 - 28;  6 - 24;  18 - 14;  13 - 17;  8 - 22;  11 - 19;  21 - 14;  2 - 29;  4 - 26;  6 - 24;  1 - 29; 
 16 - 14;  23 - 10;  15 - 15;  18 - 12;  17 - 18;  14 - 18;  9 - 26;  19 - 16;  15 - 15;  28 - 2;  16 - 17;  20 - 15;  18 - 16;  16 - 14;  23 - 7;  14 - 16;  21 - 9;  17 - 13;  6 - 28;  16 - 18;  10 - 23;  17 - 18;  20 - 10;  14 - 18;  26 - 9;  23 - 11;  2 - 28;  2 - 28;  6 - 24;  1 - 29; 
 5 - 28;  14 - 16;  18 - 14;  12 - 18;  5 - 25;  12 - 18;  12 - 18;  13 - 19;  5 - 25;  17 - 18;  17 - 16;  14 - 20;  18 - 12;  12 - 18;  12 - 18;  8 - 22;  26 - 8;  10 - 24;  22 - 8;  17 - 13;  21 - 9;  16 - 15;  13 - 17;  20 - 14;  26 - 5;  10 - 24;  7 - 23;  2 - 32;  4 - 26;  6 - 25; 
 3 - 27;  5 - 25;  21 - 9;  8 - 22;  27 - 7;  17 - 13;  13 - 17;  17 - 15;  26 - 9;  19 - 11;  22 - 12;  19 - 11;  15 - 15;  19 - 14;  20 - 10;  11 - 21;  12 - 18;  12 - 18;  10 - 22;  20 - 12;  15 - 15;  20 - 10;  16 - 14;  11 - 19;  23 - 12;  19 - 11;  6 - 26;  2 - 28;  9 - 22;  0 - 30; 
 13 - 17;  22 - 9;  12 - 18;  12 - 18;  26 - 8;  18 - 16;  13 - 17;  21 - 11;  20 - 12;  17 - 14;  5 - 25;  12 - 22;  12 - 18;  14 - 18;  19 - 11;  16 - 14;  18 - 12;  6 - 24;  25 - 5;  13 - 17;  17 - 13;  18 - 15;  20 - 12;  11 - 19;  24 - 9;  27 - 7;  7 - 23;  9 - 23;  0 - 35;  3 - 27; 
 15 - 15;  4 - 27;  13 - 18;  22 - 8;  17 - 17;  12 - 21;  7 - 27;  4 - 29;  7 - 23;  0 - 30;  19 - 11;  11 - 19;  4 - 26;  1 - 29;  7 - 28;  15 - 15;  1 - 31;  12 - 18;  19 - 11;  1 - 31;  0 - 30;  5 - 25;  29 - 1;  11 - 22;  10 - 21;  13 - 18;  1 - 31;  0 - 30;  6 - 28;  9 - 21; 
 4 - 26;  25 - 9;  20 - 11;  0 - 30;  18 - 16;  14 - 17;  16 - 16;  9 - 21;  6 - 24;  12 - 20;  9 - 22;  15 - 20;  18 - 15;  26 - 9;  13 - 20;  8 - 22;  19 - 16;  6 - 27;  15 - 15;  21 - 9;  0 - 35;  6 - 24;  10 - 20;  0 - 30;  2 - 28;  0 - 30;  2 - 28;  2 - 30;  0 - 30;  2 - 32; 
 20 - 10;  17 - 15;  25 - 10;  15 - 15;  11 - 21;  16 - 14;  0 - 30;  27 - 3;  7 - 23;  13 - 19;  15 - 15;  21 - 12;  25 - 5;  1 - 29;  21 - 9;  19 - 16;  15 - 20;  22 - 8;  13 - 18;  18 - 15;  1 - 32;  13 - 22;  23 - 7;  14 - 16;  22 - 8;  10 - 20;  7 - 24;  6 - 24;  1 - 29;  0 - 30; 
 19 - 14;  30 - 5;  13 - 21;  17 - 13;  24 - 6;  18 - 15;  1 - 29;  16 - 14;  20 - 10;  14 - 16;  14 - 17;  25 - 5;  20 - 14;  8 - 22;  13 - 22;  25 - 5;  11 - 24;  14 - 16;  12 - 18;  14 - 18;  8 - 22;  23 - 7;  16 - 19;  14 - 20;  7 - 23;  12 - 18;  0 - 35;  2 - 28;  4 - 27;  1 - 34; 
 20 - 10;  11 - 19;  19 - 11;  20 - 10;  13 - 17;  8 - 25;  20 - 10;  18 - 12;  18 - 12;  30 - 5;  16 - 14;  16 - 14;  14 - 16;  17 - 13;  25 - 9;  28 - 4;  16 - 14;  15 - 15;  16 - 15;  17 - 13;  20 - 10;  22 - 11;  1 - 29;  15 - 15;  11 - 19;  15 - 17;  14 - 20;  2 - 28;  4 - 26;  0 - 30; 
 3 - 27;  10 - 20;  28 - 6;  14 - 16;  19 - 11;  12 - 18;  25 - 5;  25 - 10;  9 - 23;  7 - 28;  6 - 27;  12 - 18;  17 - 18;  11 - 19;  17 - 13;  11 - 19;  24 - 6;  17 - 13;  12 - 21;  17 - 18;  15 - 15;  18 - 12;  14 - 19;  15 - 15;  9 - 21;  16 - 14;  4 - 26;  0 - 32;  2 - 30;  24 - 7; 
 5 - 27;  19 - 13;  15 - 15;  5 - 25;  20 - 11;  18 - 13;  20 - 10;  25 - 5;  13 - 22;  24 - 8;  3 - 32;  9 - 21;  15 - 16;  6 - 24;  16 - 16;  14 - 16;  22 - 8;  13 - 17;  12 - 23;  9 - 21;  24 - 7;  17 - 16;  7 - 27;  13 - 17;  19 - 11;  1 - 29;  7 - 26;  2 - 28;  2 - 28;  7 - 23; 
 12 - 18;  10 - 20;  18 - 17;  23 - 7;  17 - 13;  18 - 15;  20 - 11;  31 - 4;  30 - 3;  10 - 24;  8 - 22;  20 - 11;  21 - 9;  10 - 23;  11 - 20;  25 - 5;  21 - 9;  21 - 13;  20 - 14;  16 - 14;  12 - 18;  12 - 23;  11 - 19;  19 - 14;  1 - 29;  19 - 16;  10 - 25;  12 - 18;  9 - 21;  0 - 31; 
 13 - 17;  5 - 25;  23 - 7;  27 - 5;  15 - 15;  19 - 11;  12 - 18;  16 - 19;  14 - 16;  17 - 18;  21 - 9;  19 - 11;  24 - 11;  9 - 23;  17 - 15;  17 - 13;  22 - 9;  15 - 20;  15 - 15;  18 - 12;  5 - 25;  7 - 23;  17 - 13;  17 - 18;  10 - 20;  19 - 11;  2 - 28;  0 - 33;  8 - 26;  7 - 23; 
 15 - 20;  17 - 13;  8 - 24;  9 - 21;  15 - 15;  11 - 19;  20 - 10;  6 - 24;  8 - 22;  29 - 4;  9 - 21;  21 - 9;  18 - 16;  28 - 4;  8 - 22;  18 - 12;  16 - 16;  13 - 21;  17 - 13;  17 - 13;  19 - 11;  25 - 9;  4 - 26;  8 - 22;  20 - 15;  13 - 18;  9 - 24;  1 - 29;  1 - 30;  3 - 29; 
 21 - 14;  19 - 11;  18 - 12;  20 - 10;  21 - 11;  10 - 24;  9 - 21;  21 - 14;  27 - 7;  16 - 16;  20 - 10;  9 - 21;  24 - 6;  11 - 19;  19 - 14;  15 - 16;  19 - 11;  18 - 12;  20 - 10;  22 - 8;  22 - 9;  21 - 12;  18 - 12;  28 - 6;  23 - 7;  15 - 15;  4 - 26;  7 - 27;  2 - 28;  9 - 26; 
 22 - 8;  24 - 6;  26 - 7;  13 - 20;  14 - 20;  17 - 13;  20 - 10;  24 - 7;  20 - 11;  19 - 11;  18 - 12;  17 - 13;  10 - 20;  19 - 14;  7 - 26;  23 - 11;  18 - 14;  10 - 20;  5 - 28;  21 - 13;  19 - 11;  22 - 8;  13 - 17;  24 - 6;  7 - 24;  24 - 6;  3 - 27;  6 - 24;  13 - 21;  7 - 23; 
 17 - 13;  9 - 22;  16 - 15;  16 - 14;  20 - 10;  19 - 14;  10 - 23;  23 - 7;  16 - 18;  5 - 25;  21 - 10;  26 - 5;  18 - 13;  19 - 11;  27 - 3;  9 - 21;  16 - 14;  19 - 11;  1 - 29;  19 - 11;  27 - 8;  10 - 20;  0 - 30;  20 - 11;  18 - 12;  14 - 16;  4 - 26;  7 - 23;  0 - 34;  7 - 23; 
 10 - 24;  15 - 16;  17 - 13;  11 - 19;  18 - 12;  28 - 4;  10 - 25;  18 - 12;  13 - 17;  17 - 13;  11 - 19;  27 - 6;  19 - 14;  26 - 8;  19 - 16;  12 - 19;  20 - 15;  31 - 3;  16 - 19;  20 - 14;  18 - 12;  18 - 16;  16 - 14;  5 - 25;  22 - 8;  12 - 18;  1 - 29;  2 - 29;  1 - 29;  1 - 32; 
 18 - 12;  6 - 24;  12 - 18;  22 - 9;  28 - 7;  26 - 6;  19 - 15;  21 - 9;  17 - 13;  21 - 11;  20 - 13;  12 - 18;  8 - 23;  19 - 11;  14 - 16;  19 - 15;  21 - 13;  13 - 17;  17 - 15;  18 - 15;  13 - 19;  25 - 5;  10 - 21;  1 - 29;  12 - 18;  10 - 20;  10 - 20;  3 - 28;  1 - 29;  7 - 23; 
 6 - 25;  22 - 8;  13 - 17;  22 - 8;  8 - 22;  18 - 17;  21 - 9;  20 - 15;  0 - 31;  17 - 13;  15 - 15;  14 - 16;  5 - 28;  19 - 13;  10 - 20;  15 - 15;  22 - 11;  9 - 21;  10 - 20;  17 - 15;  13 - 20;  23 - 12;  5 - 25;  4 - 31;  14 - 16;  13 - 17;  10 - 20;  16 - 17;  1 - 29;  3 - 27; 
 12 - 18;  26 - 7;  15 - 18;  11 - 19;  17 - 15;  32 - 3;  17 - 18;  27 - 6;  19 - 12;  17 - 14;  23 - 8;  17 - 13;  23 - 7;  13 - 17;  11 - 19;  25 - 10;  19 - 14;  18 - 15;  6 - 24;  15 - 18;  7 - 27;  16 - 14;  21 - 9;  18 - 12;  19 - 11;  9 - 25;  0 - 32;  28 - 7;  7 - 26;  2 - 31; 
 24 - 8;  21 - 10;  13 - 19;  4 - 31;  18 - 13;  17 - 13;  12 - 18;  19 - 11;  21 - 10;  16 - 14;  18 - 12;  24 - 6;  14 - 16;  14 - 16;  14 - 16;  13 - 17;  10 - 24;  9 - 21;  13 - 17;  21 - 14;  3 - 27;  19 - 12;  16 - 17;  22 - 8;  11 - 24;  17 - 14;  1 - 29;  6 - 27;  14 - 19;  7 - 23; 
 22 - 12;  18 - 12;  13 - 17;  21 - 9;  23 - 7;  23 - 7;  1 - 34;  8 - 22;  10 - 20;  25 - 5;  4 - 28;  21 - 13;  11 - 19;  6 - 29;  14 - 20;  11 - 20;  20 - 10;  31 - 1;  6 - 24;  24 - 10;  11 - 24;  12 - 18;  12 - 22;  13 - 17;  9 - 22;  16 - 14;  2 - 28;  7 - 23;  2 - 28;  1 - 33; 
 18 - 12;  12 - 19;  25 - 5;  16 - 14;  19 - 16;  9 - 21;  18 - 12;  22 - 8;  30 - 3;  28 - 6;  18 - 14;  24 - 11;  12 - 18;  23 - 7;  12 - 18;  15 - 15;  12 - 21;  16 - 16;  10 - 22;  9 - 23;  21 - 9;  19 - 12;  8 - 22;  13 - 17;  1 - 33;  13 - 17;  6 - 28;  7 - 23;  1 - 31;  3 - 27; 
 25 - 9;  25 - 10;  11 - 19;  31 - 3;  20 - 10;  25 - 6;  13 - 17;  24 - 6;  13 - 17;  11 - 23;  7 - 24;  13 - 19;  24 - 6;  19 - 11;  26 - 4;  20 - 10;  26 - 4;  23 - 11;  13 - 17;  15 - 16;  20 - 10;  18 - 12;  9 - 23;  2 - 28;  12 - 18;  9 - 21;  1 - 32;  2 - 28;  2 - 28;  8 - 22; 
 9 - 21;  16 - 14;  20 - 10;  12 - 19;  16 - 18;  18 - 13;  23 - 12;  4 - 30;  25 - 5;  9 - 25;  8 - 24;  22 - 8;  18 - 12;  18 - 12;  16 - 14;  10 - 25;  32 - 3;  14 - 17;  17 - 13;  15 - 15;  19 - 11;  15 - 15;  14 - 19;  18 - 12;  13 - 18;  28 - 6;  5 - 28;  3 - 30;  6 - 24;  0 - 32; 
 20 - 14;  19 - 13;  15 - 15;  13 - 17;  7 - 27;  22 - 8;  19 - 15;  17 - 13;  15 - 16;  19 - 11;  14 - 21;  9 - 21;  19 - 16;  13 - 17;  11 - 24;  30 - 4;  12 - 18;  23 - 12;  19 - 11;  23 - 7;  11 - 24;  24 - 7;  17 - 18;  23 - 12;  24 - 6;  20 - 12;  1 - 30;  2 - 31;  2 - 28;  2 - 28; 
 13 - 18;  15 - 19;  2 - 33;  17 - 14;  23 - 9;  14 - 17;  11 - 19;  16 - 15;  25 - 10;  19 - 16;  18 - 14;  14 - 16;  20 - 10;  17 - 13;  11 - 22;  14 - 16;  12 - 18;  17 - 17;  14 - 16;  10 - 24;  12 - 20;  18 - 12;  9 - 21;  25 - 5;  24 - 6;  21 - 9;  7 - 25;  13 - 17;  6 - 27;  7 - 23; 
 28 - 5;  13 - 17;  14 - 16;  15 - 17;  3 - 28;  17 - 13;  20 - 12;  12 - 18;  14 - 16;  18 - 14;  22 - 10;  12 - 18;  27 - 3;  11 - 19;  14 - 16;  6 - 29;  18 - 12;  12 - 21;  14 - 16;  11 - 19;  18 - 14;  25 - 5;  17 - 14;  8 - 22;  16 - 14;  15 - 20;  3 - 32;  2 - 28;  1 - 33;  0 - 30; 
 18 - 15;  15 - 20;  13 - 17;  5 - 25;  28 - 2;  19 - 11;  12 - 20;  23 - 7;  11 - 23;  19 - 16;  17 - 17;  18 - 12;  28 - 2;  16 - 14;  30 - 4;  30 - 3;  10 - 22;  17 - 13;  22 - 9;  31 - 4;  21 - 9;  2 - 28;  23 - 7;  7 - 23;  12 - 19;  16 - 18;  9 - 25;  1 - 29;  1 - 31;  0 - 32; 
 24 - 11;  17 - 15;  14 - 16;  16 - 14;  6 - 24;  15 - 19;  8 - 22;  2 - 28;  18 - 12;  10 - 20;  5 - 25;  10 - 25;  18 - 16;  7 - 26;  13 - 21;  21 - 10;  17 - 13;  20 - 10;  9 - 21;  10 - 20;  3 - 30;  9 - 21;  14 - 20;  12 - 22;  19 - 12;  18 - 17;  4 - 26;  3 - 27;  1 - 29;  1 - 29; 
 21 - 12;  21 - 9;  18 - 13;  16 - 14;  4 - 27;  21 - 13;  16 - 14;  17 - 13;  2 - 28;  19 - 11;  23 - 11;  14 - 17;  19 - 11;  29 - 4;  7 - 23;  14 - 16;  11 - 19;  19 - 11;  12 - 20;  16 - 16;  23 - 11;  11 - 20;  10 - 24;  21 - 13;  23 - 7;  3 - 27;  20 - 13;  10 - 21;  3 - 27;  2 - 30; 
 19 - 15;  14 - 17;  19 - 13;  1 - 29;  12 - 19;  24 - 9;  8 - 22;  13 - 17;  18 - 18;  9 - 26;  26 - 8;  20 - 15;  17 - 14;  19 - 14;  7 - 23;  12 - 18;  17 - 16;  13 - 22;  19 - 16;  10 - 21;  22 - 10;  25 - 8;  9 - 24;  8 - 28;  9 - 25;  10 - 20;  1 - 30;  6 - 24;  0 - 34;  8 - 27; 
 21 - 9;  14 - 16;  22 - 8;  5 - 25;  26 - 7;  18 - 15;  17 - 15;  20 - 15;  16 - 17;  21 - 14;  12 - 18;  26 - 4;  8 - 25;  18 - 12;  19 - 11;  16 - 14;  16 - 14;  23 - 12;  23 - 7;  17 - 13;  11 - 23;  21 - 13;  8 - 27;  5 - 25;  7 - 24;  7 - 23;  2 - 28;  1 - 29;  12 - 18;  1 - 34; 
 16 - 17;  16 - 18;  12 - 21;  9 - 23;  15 - 15;  20 - 13;  19 - 11;  15 - 15;  23 - 10;  13 - 17;  20 - 10;  21 - 11;  15 - 18;  17 - 13;  16 - 14;  14 - 16;  10 - 22;  24 - 9;  26 - 4;  17 - 13;  13 - 17;  13 - 17;  29 - 5;  16 - 14;  9 - 21;  9 - 21;  2 - 28;  3 - 27;  18 - 12;  1 - 33; 
 15 - 16;  15 - 15;  21 - 9;  13 - 17;  18 - 12;  13 - 18;  16 - 14;  11 - 19;  14 - 16;  14 - 16;  17 - 13;  17 - 13;  14 - 16;  27 - 3;  23 - 9;  15 - 15;  16 - 14;  26 - 8;  24 - 7;  16 - 17;  17 - 15;  8 - 22;  26 - 4;  23 - 7;  10 - 20;  17 - 13;  22 - 8;  1 - 29;  2 - 31;  2 - 31; 
 15 - 18;  10 - 20;  17 - 13;  25 - 5;  21 - 9;  21 - 14;  25 - 5;  20 - 10;  14 - 16;  21 - 9;  18 - 12;  9 - 22;  16 - 18;  16 - 14;  12 - 23;  11 - 21;  9 - 21;  15 - 17;  18 - 12;  16 - 16;  22 - 10;  31 - 4;  13 - 17;  5 - 25;  13 - 21;  10 - 20;  7 - 27;  0 - 34;  15 - 15;  12 - 23; 
 17 - 14;  13 - 17;  11 - 21;  23 - 10;  10 - 22;  16 - 16;  1 - 29;  19 - 16;  19 - 13;  7 - 23;  12 - 18;  20 - 11;  25 - 8;  10 - 23;  9 - 23;  14 - 21;  10 - 22;  16 - 14;  16 - 18;  21 - 9;  0 - 30;  21 - 9;  2 - 29;  12 - 23;  18 - 16;  10 - 20;  9 - 25;  0 - 30;  6 - 24;  7 - 26; 
 9 - 21;  23 - 8;  19 - 11;  11 - 23;  9 - 21;  16 - 14;  22 - 8;  8 - 22;  12 - 23;  23 - 7;  16 - 14;  14 - 21;  22 - 12;  16 - 14;  14 - 16;  27 - 3;  12 - 19;  17 - 13;  17 - 13;  22 - 12;  22 - 13;  25 - 9;  9 - 21;  9 - 21;  15 - 17;  18 - 13;  0 - 35;  3 - 31;  2 - 28;  1 - 33; 
 13 - 17;  25 - 5;  16 - 15;  7 - 23;  28 - 2;  11 - 20;  7 - 23;  22 - 10;  12 - 18;  17 - 14;  18 - 12;  7 - 23;  10 - 20;  14 - 18;  18 - 12;  13 - 17;  19 - 15;  17 - 16;  10 - 23;  18 - 17;  13 - 22;  17 - 13;  26 - 5;  15 - 15;  10 - 23;  8 - 23;  14 - 19;  1 - 29;  1 - 29;  5 - 25; 
 17 - 16;  5 - 25;  20 - 13;  14 - 17;  16 - 18;  12 - 18;  22 - 8;  25 - 5;  19 - 11;  6 - 24;  17 - 14;  12 - 18;  15 - 15;  12 - 18;  14 - 16;  22 - 9;  25 - 9;  23 - 7;  22 - 8;  20 - 15;  21 - 9;  14 - 16;  19 - 15;  9 - 21;  8 - 25;  2 - 32;  6 - 24;  12 - 18;  6 - 29;  14 - 16; 
 15 - 15;  16 - 14;  18 - 14;  31 - 3;  22 - 8;  26 - 4;  26 - 7;  9 - 21;  27 - 4;  16 - 14;  19 - 11;  18 - 16;  15 - 15;  14 - 17;  21 - 11;  26 - 4;  22 - 10;  11 - 19;  23 - 7;  15 - 19;  19 - 11;  25 - 9;  18 - 15;  10 - 20;  11 - 19;  18 - 17;  2 - 28;  6 - 28;  13 - 21;  3 - 31; 
 10 - 25;  10 - 23;  25 - 7;  22 - 8;  21 - 12;  7 - 25;  11 - 19;  21 - 12;  25 - 5;  19 - 12;  14 - 18;  8 - 22;  17 - 16;  15 - 15;  15 - 16;  13 - 17;  12 - 18;  13 - 17;  11 - 19;  16 - 14;  11 - 19;  13 - 17;  2 - 30;  14 - 16;  19 - 11;  12 - 18;  3 - 29;  3 - 32;  2 - 33;  1 - 34; 
 23 - 12;  20 - 10;  26 - 7;  18 - 12;  16 - 16;  19 - 16;  15 - 15;  22 - 10;  9 - 21;  12 - 18;  22 - 10;  11 - 19;  18 - 15;  21 - 10;  16 - 17;  24 - 7;  22 - 10;  9 - 24;  12 - 20;  14 - 19;  11 - 19;  17 - 13;  24 - 6;  12 - 18;  11 - 19;  11 - 19;  3 - 27;  9 - 24;  8 - 25;  2 - 28; 
 8 - 24;  4 - 26;  11 - 23;  16 - 14;  17 - 13;  7 - 27;  11 - 21;  6 - 28;  2 - 32;  5 - 25;  14 - 18;  18 - 13;  1 - 31;  22 - 11;  11 - 19;  4 - 26;  13 - 19;  3 - 29;  7 - 28;  0 - 30;  26 - 7;  8 - 23;  1 - 29;  10 - 20;  15 - 17;  19 - 15;  2 - 28;  0 - 30;  6 - 24;  7 - 23; 
 14 - 16;  14 - 16;  10 - 20;  20 - 11;  25 - 7;  5 - 25;  6 - 24;  20 - 10;  23 - 7;  20 - 15;  18 - 12;  17 - 13;  17 - 13;  7 - 27;  23 - 10;  6 - 27;  0 - 35;  13 - 17;  8 - 26;  11 - 21;  1 - 31;  8 - 23;  9 - 21;  25 - 5;  8 - 23;  12 - 22;  0 - 34;  3 - 27;  7 - 24;  2 - 30; 
 13 - 17;  25 - 8;  24 - 7;  22 - 9;  1 - 29;  9 - 25;  10 - 20;  14 - 21;  3 - 27;  23 - 9;  27 - 8;  17 - 16;  22 - 10;  26 - 4;  17 - 16;  13 - 17;  15 - 20;  9 - 21;  13 - 21;  15 - 15;  6 - 27;  20 - 11;  12 - 18;  1 - 29;  27 - 3;  24 - 11;  13 - 17;  8 - 26;  0 - 31;  1 - 29; 
 9 - 26;  20 - 10;  3 - 30;  7 - 24;  27 - 3;  19 - 11;  11 - 19;  5 - 25;  16 - 19;  10 - 22;  18 - 13;  14 - 16;  20 - 14;  10 - 24;  16 - 14;  12 - 20;  14 - 20;  15 - 17;  23 - 7;  32 - 3;  22 - 8;  17 - 14;  2 - 28;  12 - 23;  12 - 22;  11 - 19;  3 - 27;  8 - 26;  3 - 30;  0 - 35; 
 15 - 15;  12 - 23;  18 - 12;  15 - 20;  21 - 13;  5 - 29;  18 - 12;  16 - 15;  22 - 8;  19 - 13;  22 - 8;  14 - 21;  16 - 14;  23 - 8;  17 - 13;  16 - 19;  31 - 4;  16 - 16;  22 - 8;  11 - 20;  28 - 5;  15 - 15;  14 - 16;  12 - 18;  11 - 19;  16 - 14;  6 - 27;  7 - 26;  0 - 30;  1 - 29; 
 14 - 20;  11 - 21;  15 - 15;  12 - 18;  15 - 15;  19 - 11;  12 - 18;  24 - 6;  11 - 22;  20 - 12;  18 - 13;  14 - 16;  17 - 13;  10 - 20;  20 - 10;  25 - 8;  15 - 15;  9 - 22;  25 - 8;  11 - 19;  13 - 17;  25 - 5;  19 - 14;  22 - 12;  14 - 21;  23 - 12;  0 - 30;  9 - 21;  1 - 29;  1 - 29; 
 10 - 23;  22 - 8;  23 - 7;  23 - 7;  16 - 18;  13 - 17;  4 - 26;  8 - 22;  7 - 25;  6 - 24;  8 - 25;  14 - 17;  26 - 9;  0 - 30;  14 - 20;  1 - 30;  17 - 13;  19 - 11;  22 - 8;  9 - 21;  3 - 27;  26 - 9;  8 - 26;  22 - 13;  16 - 14;  1 - 29;  1 - 31;  8 - 27;  4 - 27;  20 - 11; 
 16 - 14;  16 - 14;  1 - 29;  12 - 19;  12 - 20;  28 - 5;  15 - 15;  18 - 13;  22 - 9;  3 - 29;  10 - 21;  21 - 14;  18 - 17;  14 - 16;  14 - 16;  19 - 11;  0 - 35;  8 - 22;  19 - 13;  19 - 12;  8 - 23;  8 - 22;  10 - 22;  12 - 18;  10 - 20;  12 - 18;  1 - 29;  1 - 29;  8 - 22;  0 - 35; 
 12 - 22;  24 - 10;  12 - 18;  13 - 17;  24 - 9;  26 - 4;  12 - 22;  19 - 12;  22 - 11;  15 - 18;  11 - 24;  11 - 19;  6 - 24;  12 - 19;  22 - 10;  26 - 9;  20 - 10;  24 - 8;  26 - 5;  5 - 25;  13 - 17;  29 - 1;  17 - 15;  5 - 29;  16 - 18;  19 - 11;  1 - 31;  13 - 20;  8 - 25;  7 - 23; 
 12 - 23;  7 - 23;  19 - 13;  18 - 12;  20 - 14;  6 - 26;  15 - 19;  20 - 10;  12 - 20;  21 - 10;  8 - 27;  20 - 14;  13 - 17;  17 - 13;  17 - 14;  15 - 17;  14 - 20;  14 - 20;  19 - 13;  17 - 13;  23 - 11;  13 - 17;  3 - 29;  13 - 21;  24 - 8;  23 - 11;  11 - 24;  2 - 31;  0 - 33;  6 - 29; 
 2 - 30;  19 - 16;  11 - 19;  11 - 19;  13 - 17;  9 - 23;  20 - 15;  11 - 19;  25 - 6;  20 - 10;  5 - 25;  13 - 19;  21 - 9;  26 - 4;  8 - 22;  17 - 17;  25 - 9;  28 - 3;  19 - 14;  6 - 29;  8 - 25;  18 - 12;  5 - 25;  14 - 21;  17 - 13;  20 - 11;  10 - 24;  3 - 29;  4 - 28;  10 - 24; 
 18 - 12;  26 - 6;  10 - 21;  13 - 17;  12 - 21;  5 - 27;  20 - 10;  22 - 8;  19 - 14;  18 - 17;  21 - 10;  15 - 18;  16 - 14;  25 - 5;  15 - 15;  13 - 20;  15 - 18;  26 - 7;  19 - 11;  16 - 14;  15 - 15;  16 - 14;  9 - 21;  6 - 24;  12 - 22;  23 - 7;  2 - 31;  3 - 27;  1 - 30;  2 - 28; 
 19 - 13;  9 - 23;  15 - 15;  13 - 17;  23 - 7;  5 - 28;  23 - 7;  24 - 6;  18 - 12;  15 - 15;  18 - 12;  13 - 17;  28 - 2;  14 - 16;  15 - 15;  20 - 11;  16 - 14;  9 - 21;  9 - 21;  9 - 22;  8 - 26;  30 - 3;  12 - 18;  13 - 22;  14 - 18;  21 - 12;  2 - 32;  12 - 20;  2 - 31;  6 - 25; 
 17 - 13;  12 - 18;  11 - 23;  12 - 18;  24 - 11;  17 - 16;  14 - 21;  14 - 20;  8 - 24;  20 - 10;  8 - 22;  27 - 5;  12 - 21;  14 - 21;  13 - 17;  19 - 13;  21 - 13;  23 - 7;  5 - 26;  13 - 17;  27 - 3;  13 - 17;  17 - 14;  10 - 22;  26 - 4;  2 - 33;  1 - 29;  1 - 34;  2 - 28;  4 - 31; 
 20 - 10;  20 - 14;  12 - 22;  26 - 6;  14 - 19;  16 - 17;  6 - 27;  10 - 20;  16 - 14;  16 - 14;  22 - 13;  19 - 16;  18 - 14;  10 - 21;  13 - 21;  15 - 15;  27 - 6;  20 - 10;  19 - 11;  13 - 17;  11 - 22;  23 - 11;  3 - 28;  3 - 27;  8 - 22;  23 - 11;  1 - 29;  3 - 28;  1 - 29;  1 - 29; 
 16 - 14;  6 - 24;  16 - 15;  28 - 2;  10 - 20;  10 - 20;  18 - 12;  18 - 12;  17 - 15;  15 - 18;  5 - 25;  5 - 25;  14 - 16;  12 - 22;  19 - 14;  12 - 21;  12 - 20;  24 - 6;  14 - 19;  11 - 19;  12 - 22;  19 - 11;  23 - 7;  14 - 17;  10 - 20;  14 - 16;  8 - 22;  7 - 23;  6 - 28;  2 - 32; 
 9 - 21;  17 - 13;  15 - 15;  21 - 13;  20 - 10;  14 - 18;  19 - 11;  10 - 24;  11 - 21;  15 - 15;  8 - 23;  19 - 14;  21 - 9;  19 - 12;  14 - 21;  18 - 12;  19 - 13;  13 - 17;  23 - 8;  18 - 12;  13 - 20;  14 - 18;  16 - 14;  12 - 18;  13 - 17;  16 - 14;  2 - 28;  3 - 28;  1 - 29;  13 - 21; 
 18 - 16;  18 - 12;  11 - 19;  18 - 13;  29 - 3;  19 - 11;  21 - 9;  25 - 5;  9 - 21;  15 - 15;  19 - 11;  11 - 20;  21 - 9;  9 - 21;  19 - 12;  19 - 13;  28 - 5;  13 - 22;  20 - 12;  12 - 24;  3 - 27;  5 - 28;  10 - 24;  18 - 12;  9 - 21;  14 - 19;  2 - 28;  8 - 22;  1 - 34;  0 - 34; 
 21 - 12;  21 - 11;  31 - 4;  12 - 18;  25 - 6;  22 - 13;  11 - 19;  19 - 12;  12 - 18;  19 - 16;  18 - 12;  26 - 5;  7 - 26;  14 - 16;  13 - 18;  15 - 15;  20 - 10;  14 - 21;  22 - 8;  5 - 25;  7 - 28;  28 - 5;  16 - 17;  9 - 26;  17 - 13;  12 - 19;  7 - 24;  2 - 28;  3 - 32;  5 - 25; 
 18 - 12;  12 - 19;  25 - 5;  23 - 10;  23 - 11;  20 - 13;  15 - 15;  18 - 12;  17 - 13;  23 - 12;  22 - 12;  11 - 19;  8 - 22;  8 - 26;  18 - 15;  24 - 7;  24 - 6;  14 - 19;  16 - 14;  19 - 16;  17 - 15;  9 - 26;  5 - 25;  25 - 5;  21 - 11;  13 - 19;  0 - 30;  6 - 24;  2 - 30;  8 - 26; 
 9 - 26;  21 - 9;  20 - 10;  25 - 8;  20 - 10;  17 - 18;  13 - 17;  21 - 13;  23 - 11;  7 - 23;  10 - 25;  25 - 5;  7 - 23;  16 - 18;  5 - 29;  14 - 16;  16 - 14;  25 - 6;  6 - 24;  16 - 14;  16 - 19;  23 - 7;  14 - 16;  10 - 22;  16 - 14;  18 - 12;  1 - 29;  0 - 30;  1 - 29;  8 - 22; 
 13 - 17;  10 - 20;  6 - 24;  12 - 18;  25 - 10;  17 - 13;  16 - 18;  4 - 26;  4 - 29;  15 - 17;  25 - 5;  24 - 6;  23 - 7;  11 - 19;  19 - 14;  27 - 6;  20 - 10;  10 - 20;  14 - 16;  25 - 10;  9 - 21;  10 - 22;  12 - 20;  5 - 28;  18 - 12;  12 - 18;  2 - 28;  0 - 30;  0 - 33;  7 - 25; 
 19 - 11;  13 - 17;  25 - 7;  26 - 4;  22 - 8;  17 - 13;  16 - 16;  29 - 6;  21 - 11;  22 - 12;  18 - 12;  16 - 14;  15 - 15;  20 - 10;  6 - 24;  19 - 11;  17 - 17;  15 - 15;  10 - 20;  16 - 14;  10 - 20;  15 - 15;  20 - 10;  17 - 13;  13 - 21;  6 - 24;  7 - 28;  1 - 33;  13 - 18;  3 - 29; 
 7 - 23;  28 - 7;  5 - 25;  21 - 9;  10 - 25;  8 - 24;  1 - 30;  20 - 12;  24 - 6;  22 - 12;  1 - 29;  19 - 11;  9 - 22;  13 - 17;  15 - 16;  13 - 19;  16 - 19;  6 - 26;  3 - 32;  15 - 15;  3 - 27;  11 - 19;  8 - 22;  0 - 33;  1 - 33;  16 - 14;  2 - 33;  8 - 23;  1 - 29;  9 - 21; 
 11 - 23;  20 - 12;  22 - 13;  19 - 11;  11 - 21;  19 - 11;  2 - 29;  8 - 23;  21 - 9;  11 - 21;  14 - 16;  24 - 10;  30 - 4;  1 - 30;  14 - 16;  9 - 21;  21 - 12;  25 - 5;  17 - 13;  17 - 13;  14 - 17;  11 - 19;  13 - 22;  2 - 28;  1 - 33;  4 - 26;  1 - 33;  3 - 31;  2 - 29;  4 - 26; 
 26 - 8;  18 - 12;  14 - 19;  11 - 24;  8 - 23;  12 - 23;  21 - 12;  16 - 17;  17 - 18;  23 - 7;  13 - 17;  24 - 10;  18 - 12;  13 - 20;  9 - 25;  17 - 13;  7 - 23;  12 - 18;  14 - 16;  21 - 12;  12 - 20;  20 - 14;  18 - 13;  7 - 28;  12 - 18;  8 - 27;  0 - 30;  2 - 28;  7 - 25;  7 - 23; 
 20 - 14;  17 - 13;  18 - 12;  14 - 16;  17 - 13;  23 - 10;  10 - 21;  13 - 17;  14 - 16;  15 - 20;  11 - 19;  12 - 19;  15 - 16;  16 - 16;  23 - 12;  17 - 15;  27 - 3;  21 - 12;  26 - 9;  15 - 15;  11 - 19;  5 - 25;  25 - 7;  23 - 8;  9 - 23;  5 - 29;  1 - 29;  0 - 30;  13 - 17;  6 - 25; 
 21 - 14;  9 - 21;  17 - 13;  11 - 19;  16 - 18;  3 - 27;  16 - 14;  20 - 15;  5 - 26;  16 - 14;  29 - 3;  4 - 26;  12 - 19;  10 - 20;  14 - 16;  19 - 11;  18 - 12;  4 - 26;  9 - 22;  10 - 20;  18 - 12;  7 - 23;  22 - 8;  19 - 11;  5 - 25;  15 - 15;  0 - 30;  0 - 30;  7 - 28;  2 - 31; 
 16 - 15;  15 - 15;  13 - 21;  25 - 7;  13 - 20;  19 - 11;  5 - 25;  14 - 16;  13 - 17;  20 - 11;  15 - 15;  18 - 12;  6 - 24;  0 - 30;  11 - 21;  21 - 9;  14 - 18;  13 - 21;  11 - 19;  12 - 22;  17 - 13;  2 - 29;  17 - 13;  6 - 27;  16 - 14;  4 - 31;  2 - 28;  8 - 22;  0 - 30;  0 - 30; 
 19 - 11;  5 - 25;  14 - 20;  15 - 16;  3 - 29;  10 - 21;  1 - 29;  6 - 25;  22 - 8;  18 - 12;  3 - 29;  1 - 29;  16 - 14;  24 - 6;  13 - 22;  7 - 25;  14 - 16;  17 - 16;  10 - 20;  4 - 28;  4 - 31;  1 - 34;  3 - 27;  6 - 29;  3 - 27;  7 - 23;  0 - 30;  1 - 32;  0 - 30;  16 - 14; 
 25 - 5;  25 - 8;  15 - 15;  15 - 16;  14 - 16;  12 - 18;  13 - 17;  28 - 2;  13 - 17;  11 - 20;  16 - 15;  19 - 11;  21 - 9;  15 - 15;  4 - 30;  8 - 23;  14 - 16;  11 - 24;  19 - 13;  29 - 1;  26 - 4;  9 - 21;  21 - 14;  3 - 29;  23 - 12;  13 - 17;  3 - 27;  2 - 28;  1 - 32;  1 - 29; 
 11 - 19;  14 - 16;  22 - 8;  20 - 10;  14 - 16;  11 - 19;  20 - 10;  25 - 7;  17 - 13;  18 - 12;  24 - 10;  13 - 18;  25 - 5;  18 - 17;  17 - 14;  10 - 20;  20 - 10;  16 - 18;  15 - 15;  19 - 11;  18 - 12;  2 - 31;  3 - 27;  1 - 32;  18 - 12;  7 - 23;  9 - 21;  0 - 30;  3 - 27;  11 - 23; 
 11 - 22;  21 - 9;  16 - 14;  13 - 20;  25 - 9;  18 - 12;  13 - 17;  16 - 19;  24 - 10;  4 - 26;  9 - 21;  0 - 32;  19 - 16;  1 - 29;  25 - 8;  22 - 8;  12 - 23;  3 - 27;  2 - 31;  8 - 22;  4 - 26;  18 - 12;  2 - 32;  7 - 26;  20 - 10;  9 - 22;  1 - 33;  15 - 19;  1 - 29;  3 - 27; 
 17 - 15;  5 - 25;  16 - 14;  27 - 3;  11 - 19;  11 - 23;  2 - 28;  10 - 20;  11 - 19;  6 - 25;  13 - 17;  12 - 20;  15 - 15;  20 - 15;  20 - 10;  11 - 19;  22 - 9;  22 - 9;  22 - 8;  26 - 4;  18 - 16;  26 - 4;  9 - 21;  18 - 15;  11 - 19;  3 - 27;  0 - 31;  3 - 27;  8 - 23;  8 - 22; 
 18 - 12;  22 - 8;  22 - 10;  0 - 30;  10 - 20;  16 - 14;  4 - 31;  11 - 22;  16 - 16;  1 - 29;  8 - 22;  8 - 24;  0 - 30;  12 - 18;  22 - 8;  13 - 17;  1 - 29;  4 - 29;  15 - 16;  7 - 28;  12 - 18;  15 - 15;  1 - 30;  16 - 18;  14 - 16;  4 - 26;  3 - 27;  2 - 33;  1 - 29;  2 - 28; 
 6 - 25;  18 - 12;  3 - 27;  19 - 11;  18 - 15;  2 - 28;  24 - 6;  17 - 17;  21 - 9;  25 - 5;  19 - 11;  14 - 16;  19 - 15;  17 - 15;  12 - 20;  23 - 7;  21 - 13;  17 - 13;  6 - 24;  14 - 16;  10 - 25;  11 - 19;  11 - 19;  4 - 26;  18 - 16;  14 - 16;  2 - 33;  8 - 22;  3 - 29;  0 - 32; 
 19 - 15;  23 - 12;  13 - 21;  18 - 13;  16 - 14;  14 - 17;  21 - 9;  17 - 16;  8 - 22;  16 - 19;  12 - 20;  9 - 21;  8 - 27;  19 - 12;  14 - 16;  13 - 17;  17 - 13;  1 - 29;  19 - 11;  5 - 25;  14 - 21;  23 - 12;  5 - 27;  0 - 30;  17 - 16;  10 - 20;  0 - 35;  1 - 30;  0 - 30;  2 - 29; 
 19 - 15;  12 - 22;  13 - 20;  21 - 9;  16 - 18;  14 - 16;  18 - 14;  18 - 15;  19 - 14;  10 - 23;  8 - 25;  26 - 6;  12 - 20;  27 - 3;  5 - 25;  10 - 22;  25 - 8;  14 - 16;  21 - 9;  16 - 14;  18 - 17;  15 - 20;  15 - 15;  3 - 29;  18 - 16;  13 - 17;  0 - 30;  0 - 30;  14 - 21;  7 - 28; 
 4 - 26;  23 - 9;  15 - 15;  17 - 17;  27 - 8;  12 - 18;  12 - 18;  27 - 6;  2 - 28;  17 - 13;  18 - 16;  12 - 18;  12 - 18;  13 - 21;  13 - 22;  28 - 2;  18 - 12;  22 - 9;  20 - 10;  21 - 9;  15 - 17;  15 - 18;  9 - 21;  14 - 20;  18 - 15;  6 - 24;  0 - 33;  9 - 22;  0 - 30;  2 - 28; 
 12 - 18;  6 - 25;  23 - 8;  20 - 10;  16 - 14;  15 - 16;  19 - 11;  16 - 14;  10 - 20;  21 - 12;  12 - 18;  11 - 22;  22 - 8;  13 - 17;  12 - 18;  27 - 6;  17 - 17;  15 - 15;  14 - 20;  4 - 26;  20 - 10;  20 - 10;  18 - 17;  22 - 9;  8 - 22;  15 - 15;  3 - 28;  9 - 24;  0 - 35;  6 - 24; 
 9 - 21;  11 - 20;  26 - 5;  15 - 15;  11 - 20;  4 - 26;  10 - 25;  10 - 20;  8 - 23;  14 - 16;  23 - 11;  15 - 15;  2 - 28;  16 - 17;  16 - 16;  10 - 20;  2 - 29;  13 - 17;  21 - 9;  13 - 17;  6 - 24;  12 - 19;  5 - 25;  7 - 28;  22 - 10;  6 - 26;  13 - 17;  13 - 18;  9 - 25;  3 - 27; 
 14 - 16;  13 - 17;  19 - 11;  12 - 22;  22 - 11;  3 - 30;  9 - 21;  12 - 18;  24 - 9;  11 - 19;  11 - 19;  4 - 26;  7 - 23;  23 - 10;  13 - 18;  21 - 10;  10 - 23;  11 - 19;  7 - 24;  6 - 25;  27 - 5;  20 - 10;  9 - 26;  10 - 21;  20 - 10;  9 - 21;  1 - 34;  0 - 34;  7 - 25;  1 - 31; 
 9 - 23;  26 - 7;  10 - 20;  15 - 15;  2 - 28;  20 - 15;  22 - 8;  20 - 10;  16 - 14;  27 - 4;  18 - 12;  0 - 30;  26 - 4;  20 - 11;  14 - 18;  14 - 18;  15 - 15;  17 - 15;  8 - 27;  9 - 22;  10 - 20;  15 - 15;  3 - 30;  12 - 18;  13 - 17;  10 - 23;  1 - 30;  6 - 26;  3 - 28;  10 - 20; 
 26 - 8;  18 - 12;  18 - 16;  12 - 18;  3 - 27;  23 - 7;  16 - 16;  18 - 17;  15 - 20;  11 - 19;  26 - 8;  17 - 13;  11 - 20;  7 - 23;  17 - 18;  20 - 13;  20 - 14;  4 - 26;  12 - 20;  13 - 17;  8 - 22;  14 - 16;  25 - 7;  7 - 23;  10 - 20;  12 - 18;  1 - 31;  0 - 33;  1 - 29;  1 - 29; 
 18 - 12;  21 - 11;  11 - 21;  20 - 11;  14 - 17;  20 - 13;  9 - 21;  16 - 14;  10 - 20;  14 - 19;  14 - 16;  25 - 8;  5 - 25;  8 - 22;  14 - 16;  20 - 10;  25 - 9;  24 - 9;  17 - 17;  15 - 15;  13 - 17;  16 - 15;  11 - 22;  4 - 26;  14 - 16;  21 - 12;  0 - 30;  4 - 26;  2 - 32;  0 - 30; 
 18 - 12;  7 - 27;  20 - 12;  18 - 12;  14 - 19;  7 - 25;  6 - 24;  19 - 11;  18 - 12;  19 - 14;  21 - 10;  20 - 12;  16 - 14;  4 - 26;  30 - 2;  20 - 12;  16 - 14;  17 - 13;  16 - 14;  11 - 20;  14 - 18;  22 - 9;  10 - 20;  1 - 29;  12 - 21;  14 - 16;  12 - 18;  1 - 29;  2 - 28;  3 - 28; 
 23 - 7;  27 - 5;  19 - 11;  12 - 18;  5 - 25;  13 - 20;  25 - 5;  17 - 18;  21 - 10;  23 - 12;  18 - 12;  20 - 10;  12 - 18;  11 - 19;  21 - 9;  18 - 17;  23 - 8;  17 - 13;  9 - 21;  25 - 10;  15 - 19;  24 - 6;  7 - 23;  5 - 25;  7 - 27;  13 - 17;  3 - 28;  3 - 28;  2 - 30;  1 - 32; 
 16 - 14;  11 - 19;  13 - 20;  27 - 4;  7 - 28;  29 - 3;  11 - 20;  20 - 10;  22 - 13;  15 - 17;  21 - 13;  12 - 18;  10 - 21;  19 - 11;  26 - 10;  16 - 19;  19 - 11;  12 - 23;  25 - 6;  16 - 18;  9 - 21;  26 - 8;  4 - 26;  16 - 14;  13 - 17;  1 - 29;  7 - 26;  0 - 33;  6 - 26;  3 - 27; 
 11 - 23;  10 - 23;  14 - 16;  14 - 16;  18 - 16;  7 - 23;  11 - 21;  18 - 15;  20 - 12;  3 - 28;  19 - 16;  7 - 23;  18 - 12;  24 - 11;  16 - 18;  14 - 18;  21 - 9;  21 - 9;  20 - 12;  11 - 20;  17 - 13;  17 - 13;  23 - 9;  22 - 8;  14 - 18;  20 - 15;  4 - 26;  0 - 32;  8 - 25;  1 - 29; 
 13 - 17;  20 - 10;  18 - 12;  12 - 18;  17 - 13;  4 - 26;  17 - 13;  19 - 16;  29 - 5;  14 - 16;  14 - 16;  27 - 3;  19 - 11;  8 - 22;  16 - 14;  22 - 10;  10 - 22;  21 - 14;  27 - 4;  17 - 16;  13 - 17;  23 - 7;  7 - 25;  19 - 11;  20 - 10;  8 - 26;  6 - 25;  1 - 29;  3 - 29;  0 - 34; 
 12 - 23;  13 - 17;  7 - 23;  10 - 20;  18 - 14;  0 - 30;  9 - 26;  21 - 14;  15 - 15;  11 - 19;  16 - 14;  26 - 4;  8 - 24;  8 - 22;  7 - 24;  19 - 14;  3 - 27;  7 - 25;  14 - 16;  8 - 23;  26 - 4;  16 - 14;  19 - 16;  17 - 13;  13 - 17;  10 - 25;  12 - 21;  21 - 12;  1 - 30;  0 - 30; 
 20 - 10;  16 - 14;  7 - 28;  17 - 13;  6 - 25;  9 - 22;  7 - 23;  25 - 7;  11 - 20;  19 - 14;  10 - 22;  21 - 9;  10 - 20;  13 - 17;  13 - 17;  10 - 24;  6 - 24;  10 - 20;  21 - 13;  22 - 12;  22 - 8;  24 - 7;  19 - 11;  12 - 18;  9 - 21;  5 - 25;  2 - 30;  1 - 30;  5 - 25;  6 - 28; 
 18 - 12;  17 - 14;  7 - 27;  17 - 13;  4 - 29;  18 - 12;  11 - 21;  21 - 9;  12 - 18;  13 - 17;  21 - 10;  4 - 26;  13 - 18;  19 - 14;  23 - 11;  15 - 16;  20 - 10;  28 - 7;  6 - 29;  18 - 17;  16 - 18;  17 - 14;  25 - 6;  18 - 12;  20 - 10;  7 - 26;  7 - 26;  1 - 32;  1 - 32;  0 - 30; 
 23 - 9;  19 - 11;  11 - 19;  20 - 12;  12 - 18;  23 - 8;  24 - 11;  21 - 9;  21 - 9;  10 - 23;  26 - 7;  19 - 15;  17 - 13;  17 - 13;  18 - 12;  15 - 18;  4 - 26;  17 - 15;  20 - 10;  10 - 20;  17 - 18;  15 - 15;  3 - 29;  12 - 20;  19 - 11;  11 - 19;  3 - 27;  2 - 29;  2 - 28;  2 - 33; 
 11 - 19;  12 - 20;  16 - 14;  20 - 10;  23 - 7;  25 - 5;  15 - 20;  7 - 24;  18 - 12;  23 - 9;  17 - 13;  23 - 9;  15 - 20;  11 - 19;  15 - 17;  21 - 9;  16 - 16;  18 - 15;  18 - 13;  21 - 14;  19 - 14;  18 - 13;  16 - 14;  4 - 27;  5 - 27;  21 - 9;  0 - 35;  8 - 23;  2 - 28;  3 - 27; 
 7 - 27;  7 - 23;  10 - 23;  23 - 8;  11 - 19;  20 - 10;  8 - 22;  6 - 24;  12 - 23;  27 - 7;  13 - 22;  17 - 17;  16 - 14;  12 - 19;  19 - 12;  22 - 9;  18 - 12;  12 - 20;  27 - 8;  27 - 8;  21 - 9;  13 - 17;  20 - 10;  10 - 24;  8 - 25;  17 - 13;  12 - 18;  2 - 28;  14 - 21;  9 - 22; 
 12 - 20;  5 - 25;  23 - 12;  19 - 11;  20 - 13;  21 - 9;  13 - 19;  6 - 27;  23 - 7;  18 - 17;  19 - 15;  19 - 11;  11 - 19;  8 - 22;  12 - 18;  16 - 18;  18 - 13;  17 - 13;  22 - 10;  11 - 19;  12 - 18;  13 - 17;  26 - 9;  17 - 15;  4 - 28;  1 - 29;  7 - 24;  1 - 29;  0 - 30;  0 - 30; 
 12 - 23;  18 - 12;  9 - 21;  22 - 8;  25 - 7;  17 - 13;  4 - 26;  21 - 14;  27 - 5;  17 - 13;  15 - 15;  18 - 14;  17 - 13;  16 - 16;  16 - 18;  18 - 17;  7 - 23;  24 - 9;  23 - 12;  14 - 17;  15 - 17;  21 - 11;  9 - 23;  8 - 22;  22 - 8;  27 - 7;  1 - 32;  2 - 28;  10 - 20;  3 - 29; 
 19 - 12;  11 - 19;  14 - 16;  10 - 20;  18 - 17;  13 - 17;  20 - 10;  18 - 14;  15 - 18;  28 - 7;  22 - 8;  11 - 19;  26 - 4;  18 - 17;  22 - 8;  22 - 11;  19 - 16;  22 - 13;  14 - 17;  10 - 20;  18 - 12;  11 - 23;  9 - 25;  12 - 18;  21 - 13;  14 - 16;  0 - 30;  2 - 30;  3 - 27;  3 - 27; 
 26 - 9;  19 - 11;  11 - 19;  19 - 12;  16 - 17;  12 - 18;  16 - 14;  20 - 10;  20 - 10;  21 - 13;  9 - 25;  30 - 4;  17 - 15;  6 - 27;  20 - 14;  11 - 19;  26 - 4;  13 - 17;  18 - 14;  18 - 12;  25 - 7;  12 - 18;  11 - 19;  4 - 31;  13 - 18;  16 - 17;  2 - 31;  0 - 30;  19 - 11;  14 - 16; 
 21 - 10;  19 - 11;  9 - 21;  31 - 4;  3 - 29;  11 - 19;  15 - 17;  10 - 20;  17 - 13;  26 - 4;  7 - 23;  4 - 26;  13 - 17;  20 - 13;  15 - 20;  10 - 20;  20 - 12;  19 - 11;  26 - 7;  26 - 7;  17 - 17;  17 - 15;  13 - 21;  12 - 21;  24 - 6;  23 - 7;  2 - 28;  0 - 30;  9 - 26;  5 - 30; 
 19 - 11;  19 - 11;  24 - 11;  19 - 13;  7 - 23;  13 - 17;  10 - 20;  25 - 7;  11 - 19;  19 - 11;  5 - 25;  25 - 7;  14 - 16;  15 - 15;  16 - 14;  12 - 23;  17 - 17;  20 - 14;  14 - 16;  25 - 5;  12 - 19;  18 - 17;  19 - 16;  13 - 22;  21 - 14;  9 - 22;  7 - 23;  2 - 31;  6 - 24;  1 - 33; 
 19 - 16;  23 - 7;  18 - 12;  8 - 24;  16 - 14;  21 - 9;  15 - 15;  28 - 4;  12 - 18;  17 - 13;  4 - 30;  25 - 7;  16 - 14;  19 - 12;  11 - 23;  11 - 22;  24 - 10;  12 - 18;  6 - 24;  13 - 20;  18 - 13;  16 - 14;  8 - 27;  13 - 19;  22 - 9;  11 - 21;  2 - 28;  1 - 32;  0 - 30;  1 - 33; 
 24 - 11;  19 - 15;  11 - 23;  17 - 18;  19 - 12;  3 - 27;  18 - 17;  22 - 11;  16 - 14;  13 - 17;  27 - 3;  13 - 17;  17 - 14;  15 - 15;  17 - 13;  9 - 21;  20 - 10;  9 - 21;  23 - 10;  28 - 2;  19 - 11;  20 - 12;  11 - 21;  22 - 12;  4 - 27;  6 - 26;  0 - 30;  1 - 29;  17 - 13;  7 - 23; 
 18 - 16;  22 - 13;  19 - 11;  18 - 12;  22 - 11;  12 - 21;  21 - 14;  12 - 23;  14 - 17;  18 - 12;  10 - 21;  12 - 21;  21 - 9;  26 - 8;  11 - 21;  10 - 20;  7 - 27;  18 - 12;  14 - 19;  14 - 17;  7 - 24;  13 - 19;  18 - 14;  8 - 22;  8 - 22;  2 - 28;  2 - 28;  3 - 27;  9 - 21;  1 - 30; 
 10 - 20;  28 - 2;  19 - 16;  19 - 16;  25 - 5;  18 - 12;  24 - 6;  23 - 11;  30 - 3;  6 - 24;  12 - 22;  19 - 16;  26 - 4;  23 - 8;  19 - 11;  23 - 12;  13 - 17;  7 - 28;  18 - 15;  31 - 2;  17 - 13;  12 - 18;  11 - 19;  10 - 20;  12 - 20;  25 - 5;  0 - 31;  15 - 18;  0 - 31;  1 - 29; 
 5 - 25;  22 - 12;  17 - 18;  16 - 14;  21 - 14;  9 - 21;  26 - 4;  12 - 18;  10 - 23;  19 - 16;  20 - 10;  10 - 21;  16 - 19;  14 - 21;  20 - 14;  21 - 12;  21 - 9;  16 - 16;  8 - 23;  15 - 15;  6 - 29;  11 - 19;  12 - 20;  10 - 25;  5 - 29;  8 - 22;  2 - 28;  2 - 28;  7 - 28;  2 - 28; 
 22 - 13;  20 - 14;  18 - 12;  12 - 18;  10 - 25;  25 - 9;  1 - 29;  24 - 6;  26 - 6;  13 - 17;  15 - 15;  13 - 21;  24 - 11;  2 - 33;  13 - 18;  12 - 19;  16 - 15;  1 - 31;  14 - 18;  14 - 19;  28 - 4;  19 - 11;  8 - 26;  28 - 2;  2 - 33;  8 - 24;  3 - 29;  0 - 34;  1 - 29;  8 - 25; 
 9 - 21;  29 - 2;  18 - 12;  10 - 20;  22 - 11;  24 - 10;  28 - 6;  11 - 19;  10 - 24;  20 - 12;  12 - 18;  13 - 17;  14 - 16;  17 - 14;  12 - 19;  15 - 15;  19 - 12;  21 - 13;  21 - 10;  11 - 24;  16 - 15;  13 - 17;  15 - 15;  19 - 11;  21 - 10;  13 - 17;  1 - 33;  2 - 29;  0 - 31;  1 - 29; 
 19 - 11;  20 - 14;  14 - 19;  17 - 13;  13 - 22;  22 - 8;  14 - 18;  18 - 17;  21 - 9;  6 - 27;  16 - 14;  20 - 11;  11 - 19;  18 - 12;  7 - 26;  17 - 13;  7 - 23;  11 - 19;  5 - 25;  22 - 13;  16 - 14;  12 - 18;  19 - 13;  14 - 20;  23 - 10;  17 - 13;  8 - 27;  3 - 28;  3 - 27;  7 - 23; 
 9 - 21;  11 - 19;  19 - 11;  10 - 22;  17 - 14;  18 - 16;  16 - 16;  22 - 8;  14 - 20;  12 - 18;  20 - 10;  11 - 23;  18 - 12;  6 - 24;  9 - 21;  17 - 18;  16 - 16;  25 - 5;  30 - 5;  26 - 4;  7 - 27;  5 - 25;  12 - 18;  16 - 14;  19 - 11;  19 - 11;  7 - 23;  0 - 31;  2 - 29;  10 - 24; 
 11 - 21;  19 - 15;  22 - 13;  10 - 20;  12 - 21;  23 - 12;  1 - 29;  8 - 22;  18 - 17;  15 - 15;  9 - 21;  20 - 10;  26 - 9;  8 - 22;  13 - 18;  14 - 16;  19 - 11;  23 - 12;  18 - 12;  25 - 5;  22 - 13;  18 - 12;  4 - 26;  4 - 26;  15 - 15;  2 - 30;  1 - 34;  3 - 28;  3 - 28;  4 - 31; 
 28 - 4;  14 - 16;  21 - 13;  19 - 16;  12 - 19;  19 - 13;  14 - 16;  12 - 18;  22 - 10;  11 - 19;  12 - 18;  22 - 10;  21 - 12;  19 - 11;  26 - 4;  14 - 17;  21 - 9;  22 - 13;  17 - 17;  10 - 20;  16 - 14;  15 - 18;  17 - 17;  20 - 11;  15 - 15;  5 - 25;  2 - 30;  2 - 28;  0 - 35;  0 - 34; 
 16 - 14;  12 - 22;  8 - 22;  6 - 27;  21 - 9;  21 - 9;  16 - 19;  17 - 14;  12 - 18;  14 - 16;  18 - 12;  14 - 16;  8 - 22;  12 - 21;  8 - 25;  24 - 6;  21 - 12;  25 - 5;  15 - 15;  25 - 5;  15 - 15;  15 - 15;  13 - 19;  5 - 30;  17 - 18;  19 - 14;  17 - 14;  1 - 31;  3 - 28;  1 - 29; 
 17 - 14;  17 - 14;  6 - 24;  15 - 16;  12 - 23;  2 - 28;  16 - 19;  0 - 32;  18 - 13;  18 - 12;  1 - 34;  6 - 24;  7 - 23;  6 - 24;  9 - 21;  17 - 13;  22 - 13;  10 - 20;  19 - 11;  11 - 19;  7 - 23;  25 - 9;  20 - 15;  13 - 19;  4 - 26;  3 - 27;  7 - 28;  0 - 35;  8 - 22;  7 - 23; 
 19 - 11;  19 - 13;  24 - 10;  19 - 13;  0 - 35;  3 - 31;  15 - 17;  13 - 18;  5 - 28;  20 - 15;  12 - 18;  4 - 26;  9 - 21;  17 - 13;  15 - 18;  17 - 13;  16 - 14;  22 - 13;  12 - 19;  7 - 28;  11 - 24;  18 - 12;  11 - 19;  5 - 25;  12 - 18;  14 - 18;  2 - 32;  8 - 27;  20 - 10;  3 - 27; 
 11 - 19;  23 - 7;  10 - 25;  17 - 13;  11 - 24;  25 - 5;  4 - 26;  22 - 8;  13 - 19;  4 - 26;  11 - 19;  20 - 15;  17 - 16;  13 - 19;  28 - 4;  3 - 27;  24 - 6;  20 - 10;  18 - 17;  18 - 15;  18 - 17;  10 - 24;  11 - 22;  15 - 15;  5 - 29;  11 - 24;  1 - 31;  9 - 24;  14 - 19;  0 - 35; 
 8 - 22;  18 - 12;  11 - 19;  1 - 33;  2 - 28;  15 - 15;  16 - 14;  8 - 26;  7 - 23;  2 - 28;  0 - 32;  1 - 32;  23 - 9;  8 - 22;  26 - 9;  17 - 13;  0 - 31;  2 - 28;  0 - 32;  11 - 21;  8 - 22;  2 - 33;  6 - 28;  1 - 29;  6 - 26;  15 - 15;  3 - 27;  14 - 18;  8 - 22;  1 - 29; 
 12 - 18;  16 - 18;  23 - 11;  17 - 18;  13 - 20;  3 - 29;  8 - 22;  15 - 17;  15 - 18;  11 - 23;  25 - 5;  22 - 12;  21 - 10;  16 - 14;  9 - 24;  16 - 18;  19 - 15;  14 - 16;  17 - 14;  21 - 10;  15 - 19;  15 - 15;  7 - 25;  20 - 12;  15 - 19;  23 - 7;  11 - 20;  3 - 30;  6 - 29;  1 - 32; 
 13 - 21;  19 - 16;  19 - 12;  12 - 18;  16 - 17;  19 - 14;  16 - 19;  13 - 17;  5 - 30;  11 - 20;  14 - 16;  20 - 11;  21 - 12;  15 - 15;  16 - 15;  15 - 18;  13 - 18;  9 - 23;  16 - 14;  18 - 12;  9 - 22;  3 - 30;  19 - 13;  10 - 20;  7 - 27;  11 - 19;  3 - 27;  8 - 27;  1 - 30;  0 - 34; 
 17 - 13;  21 - 10;  6 - 26;  22 - 8;  12 - 21;  20 - 10;  20 - 15;  27 - 5;  20 - 10;  29 - 5;  30 - 5;  15 - 19;  15 - 15;  27 - 6;  12 - 18;  24 - 6;  26 - 4;  19 - 11;  12 - 23;  19 - 11;  10 - 22;  21 - 12;  5 - 25;  0 - 30;  9 - 21;  13 - 17;  16 - 19;  7 - 27;  8 - 22;  1 - 33; 
 19 - 14;  9 - 21;  18 - 12;  26 - 4;  16 - 19;  6 - 24;  22 - 13;  18 - 12;  13 - 21;  18 - 13;  17 - 17;  21 - 11;  16 - 14;  12 - 19;  24 - 7;  21 - 9;  7 - 28;  21 - 14;  27 - 3;  17 - 13;  20 - 10;  9 - 21;  20 - 10;  25 - 6;  11 - 19;  17 - 15;  14 - 16;  0 - 31;  9 - 22;  7 - 25; 
 15 - 16;  17 - 15;  21 - 12;  15 - 15;  9 - 23;  9 - 23;  16 - 17;  11 - 22;  12 - 18;  8 - 22;  13 - 17;  15 - 20;  11 - 19;  21 - 9;  28 - 7;  27 - 4;  23 - 12;  20 - 10;  25 - 8;  19 - 13;  24 - 8;  20 - 10;  19 - 11;  1 - 31;  3 - 27;  21 - 9;  5 - 25;  2 - 31;  7 - 23;  2 - 28; 
 11 - 19;  14 - 17;  9 - 22;  16 - 17;  21 - 9;  18 - 12;  15 - 16;  12 - 18;  17 - 13;  11 - 23;  10 - 21;  22 - 8;  9 - 22;  22 - 10;  15 - 15;  25 - 5;  13 - 17;  9 - 25;  25 - 9;  18 - 12;  21 - 14;  27 - 6;  10 - 20;  11 - 19;  24 - 7;  14 - 18;  1 - 29;  1 - 33;  1 - 32;  8 - 22; 
 24 - 10;  29 - 3;  15 - 15;  16 - 17;  21 - 12;  12 - 18;  19 - 11;  10 - 20;  21 - 14;  20 - 10;  18 - 13;  19 - 12;  16 - 14;  13 - 20;  6 - 24;  29 - 1;  21 - 10;  15 - 19;  18 - 13;  19 - 11;  32 - 0;  15 - 15;  22 - 8;  6 - 24;  8 - 22;  11 - 21;  0 - 31;  0 - 32;  1 - 29;  1 - 31; 
 21 - 13;  9 - 22;  13 - 17;  25 - 8;  15 - 19;  15 - 15;  11 - 19;  16 - 18;  16 - 14;  18 - 15;  17 - 16;  8 - 24;  10 - 20;  18 - 16;  17 - 16;  14 - 16;  26 - 5;  31 - 0;  21 - 13;  23 - 8;  20 - 12;  12 - 20;  3 - 29;  17 - 13;  2 - 33;  15 - 15;  8 - 24;  2 - 28;  2 - 28;  6 - 27; 
 23 - 9;  7 - 24;  15 - 15;  14 - 18;  19 - 11;  21 - 10;  4 - 26;  17 - 13;  22 - 12;  23 - 9;  25 - 5;  17 - 18;  21 - 12;  10 - 21;  14 - 16;  18 - 12;  5 - 26;  15 - 17;  10 - 23;  15 - 17;  16 - 14;  15 - 15;  2 - 32;  4 - 28;  24 - 11;  16 - 18;  2 - 28;  2 - 28;  3 - 28;  3 - 27; 
 19 - 14;  20 - 14;  16 - 15;  17 - 13;  14 - 16;  5 - 26;  29 - 6;  17 - 14;  9 - 23;  11 - 20;  15 - 19;  23 - 10;  22 - 13;  13 - 17;  17 - 15;  24 - 8;  19 - 15;  9 - 25;  13 - 17;  19 - 11;  16 - 14;  20 - 10;  16 - 14;  11 - 19;  19 - 11;  24 - 6;  1 - 33;  14 - 21;  12 - 18;  2 - 30; 
 16 - 14;  15 - 15;  18 - 12;  14 - 16;  12 - 18;  26 - 6;  22 - 11;  19 - 14;  8 - 22;  5 - 26;  18 - 12;  21 - 10;  25 - 10;  11 - 19;  15 - 15;  7 - 28;  18 - 13;  19 - 16;  18 - 13;  24 - 10;  21 - 12;  17 - 18;  11 - 19;  14 - 16;  10 - 25;  4 - 27;  9 - 21;  1 - 31;  2 - 33;  18 - 18; 
 10 - 20;  24 - 6;  4 - 26;  24 - 10;  15 - 18;  21 - 13;  20 - 15;  22 - 13;  19 - 15;  18 - 17;  15 - 16;  22 - 11;  18 - 12;  22 - 12;  5 - 25;  14 - 16;  11 - 19;  26 - 5;  17 - 13;  17 - 17;  24 - 9;  15 - 16;  24 - 8;  10 - 20;  10 - 25;  18 - 13;  2 - 29;  10 - 24;  10 - 23;  10 - 22; 
 16 - 14;  7 - 25;  22 - 8;  3 - 28;  15 - 15;  5 - 28;  7 - 26;  5 - 25;  12 - 18;  6 - 24;  18 - 12;  19 - 13;  14 - 16;  20 - 11;  11 - 20;  4 - 26;  21 - 12;  16 - 16;  9 - 23;  9 - 22;  12 - 20;  24 - 6;  14 - 16;  5 - 25;  14 - 21;  17 - 16;  0 - 31;  6 - 29;  10 - 23;  3 - 27; 
 13 - 19;  10 - 20;  10 - 22;  16 - 16;  11 - 19;  15 - 18;  19 - 11;  19 - 11;  28 - 2;  19 - 13;  21 - 9;  17 - 13;  21 - 9;  14 - 21;  21 - 9;  29 - 4;  23 - 7;  17 - 13;  23 - 11;  10 - 20;  19 - 11;  11 - 23;  17 - 14;  21 - 13;  18 - 12;  16 - 14;  6 - 28;  3 - 30;  8 - 23;  5 - 30; 
 16 - 17;  29 - 6;  21 - 11;  18 - 14;  18 - 17;  15 - 15;  12 - 20;  19 - 12;  12 - 18;  5 - 25;  16 - 17;  17 - 13;  17 - 13;  18 - 12;  17 - 15;  19 - 11;  17 - 13;  11 - 19;  16 - 16;  18 - 13;  18 - 13;  18 - 12;  11 - 24;  8 - 26;  17 - 13;  8 - 26;  0 - 33;  1 - 29;  8 - 22;  10 - 22; 
